frame,face_id,timestamp,confidence,success,pose_Tx,pose_Ty,pose_Tz,pose_Rx,pose_Ry,pose_Rz,AU01_r,AU02_r,AU04_r,AU05_r,AU06_r,AU07_r,AU09_r,AU10_r,AU12_r,AU14_r,AU15_r,AU17_r,AU20_r,AU23_r,AU25_r,AU26_r,AU45_r,AU01_c,AU02_c,AU04_c,AU05_c,AU06_c,AU07_c,AU09_c,AU10_c,AU12_c,AU14_c,AU15_c,AU17_c,AU20_c,AU23_c,AU25_c,AU26_c,AU28_c,AU45_c
1,0,0.000,0.98,1,-59.7,16.9,378.7,-0.028,-0.118,-0.015,1.45,1.22,0.76,0.58,0.00,0.03,0.00,0.00,0.00,0.00,0.00,0.00,2.18,0.00,0.00,0.00,0.00,1.0,1.0,0.0,1.0,0.0,0.0,0.0,0.0,0.0,1.0,1.0,0.0,1.0,0.0,0.0,0.0,1.0,0.0
2,0,0.067,0.98,1,-60.3,16.4,381.2,-0.032,-0.114,-0.015,1.26,1.32,0.74,0.36,0.00,0.00,0.00,0.00,0.00,0.00,0.00,0.00,2.05,0.00,0.01,0.00,0.02,1.0,1.0,0.0,1.0,0.0,0.0,0.0,0.0,0.0,1.0,1.0,0.0,1.0,0.0,0.0,0.0,0.0,0.0
3,0,0.133,0.98,1,-60.3,16.2,381.9,-0.036,-0.114,-0.018,1.16,1.18,0.69,0.33,0.00,0.00,0.00,0.00,0.00,0.00,0.02,0.00,2.19,0.00,0.00,0.00,0.00,1.0,1.0,0.0,1.0,0.0,0.0,0.0,0.0,0.0,1.0,1.0,0.0,1.0,0.0,0.0,0.0,0.0,0.0
4,0,0.200,0.98,1,-60.0,16.0,381.8,-0.034,-0.113,-0.022,1.27,1.30,0.62,0.65,0.00,0.00,0.00,0.00,0.00,0.00,0.06,0.00,2.24,0.00,0.00,0.00,0.00,1.0,1.0,0.0,1.0,0.0,0.0,0.0,0.0,0.0,1.0,1.0,0.0,1.0,0.0,0.0,0.0,0.0,0.0
5,0,0.267,0.98,1,-59.6,15.9,381.2,-0.030,-0.115,-0.024,1.29,1.24,0.69,0.34,0.00,0.00,0.00,0.00,0.00,0.00,0.19,0.00,2.27,0.00,0.00,0.00,0.00,1.0,1.0,0.0,1.0,0.0,0.0,0.0,0.0,0.0,1.0,1.0,0.0,1.0,0.0,0.0,0.0,0.0,0.0
6,0,0.333,0.98,1,-59.4,16.0,382.0,-0.028,-0.112,-0.025,1.26,1.23,0.65,0.19,0.00,0.00,0.00,0.00,0.00,0.00,0.23,0.00,2.25,0.00,0.03,0.00,0.00,1.0,1.0,0.0,1.0,0.0,0.0,0.0,0.0,0.0,1.0,1.0,0.0,1.0,0.0,0.0,0.0,0.0,0.0
7,0,0.400,0.98,1,-59.1,16.2,381.9,-0.029,-0.113,-0.026,1.25,1.02,0.63,0.51,0.00,0.00,0.00,0.00,0.00,0.00,0.30,0.00,2.21,0.00,0.00,0.00,0.06,1.0,1.0,0.0,1.0,0.0,0.0,0.0,0.0,0.0,1.0,1.0,0.0,1.0,0.0,0.0,0.0,0.0,0.0
8,0,0.467,0.98,1,-58.8,16.2,381.7,-0.027,-0.111,-0.026,1.31,1.07,0.64,0.41,0.00,0.00,0.00,0.00,0.00,0.00,0.29,0.00,2.19,0.00,0.00,0.00,0.00,1.0,1.0,0.0,1.0,0.0,0.0,0.0,0.0,0.0,1.0,1.0,0.0,1.0,0.0,0.0,0.0,0.0,0.0
9,0,0.533,0.98,1,-58.6,16.4,381.4,-0.028,-0.110,-0.024,1.08,1.11,0.72,0.54,0.00,0.00,0.00,0.00,0.00,0.00,0.23,0.00,2.16,0.00,0.00,0.00,0.00,1.0,1.0,0.0,1.0,0.0,0.0,0.0,0.0,0.0,1.0,1.0,0.0,1.0,0.0,0.0,0.0,0.0,0.0
10,0,0.600,0.98,1,-58.5,16.5,382.1,-0.029,-0.110,-0.023,1.07,0.88,0.58,0.55,0.00,0.00,0.00,0.00,0.00,0.00,0.23,0.00,2.37,0.00,0.00,0.00,0.00,1.0,1.0,0.0,1.0,0.0,0.0,0.0,0.0,0.0,1.0,1.0,0.0,1.0,0.0,0.0,0.0,0.0,0.0
11,0,0.667,0.98,1,-58.2,16.9,381.3,-0.026,-0.118,-0.021,1.19,0.92,0.59,0.32,0.00,0.00,0.00,0.00,0.00,0.00,0.36,0.00,2.28,0.00,0.02,0.00,0.00,1.0,1.0,0.0,1.0,0.0,0.0,0.0,0.0,0.0,1.0,1.0,0.0,1.0,0.0,0.0,0.0,0.0,0.0
12,0,0.733,0.98,1,-58.4,17.4,381.9,-0.023,-0.117,-0.020,1.19,1.03,0.69,0.29,0.00,0.00,0.00,0.00,0.00,0.00,0.37,0.00,2.16,0.00,0.03,0.00,0.00,1.0,1.0,0.0,1.0,0.0,0.0,0.0,0.0,0.0,1.0,1.0,0.0,1.0,0.0,0.0,0.0,0.0,0.0
13,0,0.800,0.98,1,-58.4,17.8,381.2,-0.025,-0.113,-0.021,1.18,1.04,0.57,0.55,0.00,0.06,0.00,0.00,0.00,0.00,0.42,0.00,2.38,0.00,0.00,0.00,0.02,1.0,1.0,0.0,1.0,0.0,0.0,0.0,0.0,0.0,1.0,1.0,0.0,1.0,0.0,0.0,0.0,0.0,0.0
14,0,0.867,0.98,1,-58.3,18.3,381.3,-0.025,-0.114,-0.021,1.23,1.05,0.73,0.45,0.00,0.00,0.00,0.00,0.00,0.00,0.38,0.00,2.26,0.00,0.02,0.00,0.00,1.0,1.0,0.0,1.0,0.0,0.0,0.0,0.0,0.0,1.0,1.0,0.0,1.0,0.0,0.0,0.0,0.0,0.0
15,0,0.933,0.98,1,-58.4,18.9,381.6,-0.024,-0.113,-0.023,1.24,1.08,0.72,0.66,0.00,0.01,0.00,0.00,0.00,0.00,0.33,0.00,2.22,0.00,0.01,0.00,0.00,1.0,1.0,0.0,1.0,0.0,0.0,0.0,0.0,0.0,1.0,1.0,0.0,1.0,0.0,0.0,0.0,0.0,0.0
16,0,1.000,0.98,1,-58.5,19.2,381.0,-0.020,-0.114,-0.023,1.14,0.99,0.48,0.10,0.00,0.00,0.00,0.00,0.00,0.00,0.39,0.00,2.00,0.00,0.09,0.00,0.00,1.0,1.0,0.0,0.0,0.0,0.0,0.0,0.0,0.0,1.0,1.0,0.0,1.0,0.0,0.0,0.0,0.0,0.0
17,0,1.067,0.98,1,-58.6,19.7,381.4,-0.016,-0.114,-0.023,1.19,1.08,0.61,0.39,0.00,0.00,0.00,0.00,0.00,0.00,0.36,0.00,1.95,0.00,0.12,0.00,0.00,1.0,1.0,0.0,1.0,0.0,0.0,0.0,0.0,0.0,1.0,1.0,0.0,1.0,0.0,0.0,0.0,0.0,0.0
18,0,1.133,0.98,1,-57.7,20.6,381.1,-0.016,-0.121,-0.018,1.05,1.00,0.34,0.45,0.00,0.00,0.00,0.00,0.00,0.00,0.37,0.00,2.07,0.00,0.22,0.00,0.07,1.0,1.0,0.0,1.0,0.0,0.0,0.0,0.0,0.0,1.0,1.0,0.0,1.0,0.0,0.0,0.0,0.0,0.0
19,0,1.200,0.98,1,-57.1,21.4,380.6,-0.017,-0.132,-0.011,1.00,1.10,0.34,0.30,0.00,0.00,0.00,0.00,0.00,0.00,0.39,0.00,2.19,0.00,0.26,0.00,0.06,1.0,1.0,0.0,1.0,0.0,0.0,0.0,0.0,0.0,1.0,1.0,0.0,1.0,0.0,0.0,0.0,0.0,0.0
20,0,1.267,0.98,1,-57.9,23.2,388.2,-0.010,-0.132,-0.009,1.54,1.44,0.33,0.16,0.00,0.12,0.00,0.00,0.00,0.00,0.45,0.00,1.98,0.00,0.52,0.00,3.05,1.0,1.0,0.0,0.0,0.0,0.0,0.0,0.0,0.0,1.0,1.0,0.0,1.0,0.0,0.0,0.0,0.0,1.0
21,0,1.333,0.98,1,-57.3,23.0,386.9,-0.009,-0.127,-0.008,1.05,0.83,0.61,0.00,0.00,0.05,0.00,0.00,0.00,0.00,0.56,0.00,1.91,0.00,0.48,0.00,1.92,1.0,1.0,0.0,0.0,0.0,0.0,0.0,0.0,0.0,1.0,1.0,0.0,1.0,0.0,0.0,0.0,0.0,1.0
22,0,1.400,0.98,1,-56.0,22.5,382.3,-0.010,-0.134,-0.008,1.04,0.87,0.32,0.00,0.00,0.09,0.00,0.00,0.00,0.00,0.57,0.00,1.93,0.00,0.24,0.00,0.52,1.0,1.0,0.0,0.0,0.0,0.0,0.0,0.0,0.0,1.0,1.0,0.0,1.0,0.0,0.0,0.0,0.0,0.0
23,0,1.467,0.98,1,-55.6,22.2,380.6,-0.015,-0.138,-0.009,1.05,0.99,0.54,0.08,0.00,0.00,0.00,0.00,0.00,0.00,0.35,0.00,1.65,0.00,0.23,0.00,0.21,1.0,1.0,0.0,1.0,0.0,0.0,0.0,0.0,0.0,1.0,1.0,0.0,1.0,0.0,0.0,0.0,0.0,0.0
24,0,1.533,0.98,1,-55.7,21.9,380.5,-0.015,-0.135,-0.010,0.80,0.86,0.36,0.00,0.00,0.00,0.00,0.00,0.00,0.00,0.35,0.00,1.77,0.00,0.20,0.00,0.10,1.0,1.0,0.0,1.0,0.0,0.0,0.0,0.0,0.0,1.0,1.0,0.0,1.0,0.0,0.0,0.0,0.0,0.0
25,0,1.600,0.98,1,-56.1,21.7,380.8,-0.019,-0.131,-0.013,1.06,0.90,0.54,0.23,0.00,0.00,0.00,0.00,0.00,0.00,0.37,0.00,1.93,0.00,0.18,0.00,0.04,1.0,1.0,0.0,1.0,0.0,0.0,0.0,0.0,0.0,1.0,1.0,0.0,1.0,0.0,0.0,0.0,0.0,0.0
26,0,1.667,0.98,1,-56.1,21.7,380.9,-0.015,-0.131,-0.015,1.13,0.95,0.43,0.17,0.00,0.00,0.00,0.00,0.00,0.00,0.30,0.00,2.05,0.00,0.21,0.00,0.07,1.0,1.0,0.0,1.0,0.0,0.0,0.0,0.0,0.0,1.0,1.0,0.0,1.0,0.0,0.0,0.0,0.0,0.0
27,0,1.733,0.98,1,-56.3,21.5,381.1,-0.017,-0.129,-0.014,1.23,1.04,0.46,0.61,0.00,0.11,0.00,0.00,0.00,0.00,0.27,0.00,1.93,0.00,0.11,0.00,0.00,1.0,1.0,0.0,1.0,0.0,0.0,0.0,0.0,0.0,1.0,1.0,0.0,1.0,0.0,0.0,0.0,0.0,0.0
28,0,1.800,0.98,1,-56.3,21.2,381.0,-0.018,-0.131,-0.016,1.05,0.88,0.37,0.34,0.00,0.00,0.00,0.00,0.00,0.00,0.30,0.00,1.99,0.00,0.11,0.00,0.00,1.0,1.0,0.0,0.0,0.0,0.0,0.0,0.0,0.0,1.0,1.0,0.0,1.0,0.0,0.0,0.0,0.0,0.0
29,0,1.867,0.98,1,-56.4,20.8,381.1,-0.020,-0.126,-0.017,1.27,1.00,0.43,0.56,0.00,0.00,0.00,0.00,0.00,0.00,0.29,0.00,1.90,0.00,0.09,0.00,0.03,1.0,1.0,0.0,1.0,0.0,0.0,0.0,0.0,0.0,1.0,1.0,0.0,1.0,0.0,0.0,0.0,0.0,0.0
30,0,1.933,0.98,1,-56.4,20.6,382.7,-0.024,-0.126,-0.019,1.02,0.98,0.51,0.51,0.00,0.23,0.00,0.00,0.00,0.00,0.33,0.00,1.99,0.00,0.15,0.00,0.00,1.0,1.0,0.0,1.0,0.0,0.0,0.0,0.0,0.0,1.0,1.0,0.0,1.0,0.0,0.0,0.0,0.0,0.0
31,0,2.000,0.98,1,-56.3,20.0,383.4,-0.030,-0.127,-0.018,1.02,1.12,0.38,0.72,0.00,0.00,0.00,0.00,0.00,0.00,0.37,0.00,2.15,0.00,0.07,0.00,0.05,1.0,1.0,0.0,1.0,0.0,0.0,0.0,0.0,0.0,1.0,1.0,0.0,1.0,0.0,0.0,0.0,0.0,0.0
32,0,2.067,0.98,1,-56.2,19.7,384.2,-0.032,-0.126,-0.018,1.01,1.07,0.34,0.46,0.00,0.07,0.00,0.00,0.00,0.00,0.37,0.00,2.13,0.00,0.04,0.00,0.09,1.0,1.0,0.0,1.0,0.0,0.0,0.0,0.0,0.0,1.0,1.0,0.0,1.0,0.0,0.0,0.0,0.0,0.0
33,0,2.133,0.98,1,-56.0,19.4,383.9,-0.033,-0.128,-0.016,0.97,0.99,0.31,0.47,0.00,0.14,0.00,0.00,0.00,0.00,0.37,0.00,2.15,0.00,0.05,0.00,0.02,1.0,1.0,0.0,0.0,0.0,0.0,0.0,0.0,0.0,1.0,1.0,0.0,1.0,0.0,0.0,0.0,0.0,0.0
34,0,2.200,0.98,1,-56.0,19.3,384.6,-0.033,-0.128,-0.015,0.94,0.94,0.31,0.13,0.00,0.00,0.00,0.00,0.00,0.00,0.37,0.00,2.07,0.00,0.07,0.00,0.09,1.0,1.0,0.0,0.0,0.0,0.0,0.0,0.0,0.0,1.0,1.0,0.0,1.0,0.0,0.0,0.0,0.0,0.0
35,0,2.267,0.98,1,-56.0,19.3,384.5,-0.031,-0.127,-0.015,0.89,0.95,0.34,0.30,0.00,0.00,0.00,0.00,0.00,0.00,0.20,0.00,2.27,0.00,0.08,0.00,0.11,1.0,1.0,0.0,1.0,0.0,0.0,0.0,0.0,0.0,1.0,1.0,0.0,1.0,0.0,0.0,0.0,0.0,0.0
36,0,2.333,0.98,1,-56.4,19.3,385.1,-0.029,-0.125,-0.014,0.96,0.79,0.14,0.22,0.00,0.00,0.00,0.00,0.07,0.00,0.13,0.00,2.18,0.00,0.02,0.00,0.15,1.0,1.0,0.0,1.0,0.0,0.0,0.0,0.0,1.0,1.0,1.0,0.0,1.0,0.0,0.0,0.0,0.0,0.0
37,0,2.400,0.98,1,-56.5,19.4,384.8,-0.026,-0.123,-0.014,0.98,0.87,0.03,0.48,0.00,0.00,0.00,0.00,0.34,0.00,0.00,0.00,2.24,0.00,0.09,0.00,0.12,1.0,1.0,0.0,1.0,0.0,0.0,0.0,0.0,1.0,1.0,1.0,0.0,1.0,0.0,0.0,0.0,0.0,0.0
38,0,2.467,0.98,1,-56.5,19.6,384.5,-0.023,-0.119,-0.016,0.99,0.88,0.13,0.50,0.00,0.00,0.00,0.00,0.59,0.10,0.00,0.00,2.07,0.00,0.07,0.00,0.17,1.0,1.0,0.0,1.0,0.0,0.0,0.0,0.0,1.0,1.0,1.0,0.0,1.0,0.0,0.0,0.0,0.0,0.0
39,0,2.533,0.98,1,-56.5,19.6,383.9,-0.023,-0.119,-0.016,0.98,0.80,0.07,0.56,0.00,0.00,0.00,0.00,0.69,0.03,0.00,0.00,1.83,0.00,0.10,0.00,0.14,1.0,1.0,0.0,1.0,0.0,0.0,0.0,0.0,1.0,1.0,1.0,0.0,1.0,0.0,0.0,0.0,0.0,0.0
40,0,2.600,0.98,1,-56.5,19.6,383.5,-0.026,-0.118,-0.017,0.91,0.76,0.17,0.66,0.00,0.00,0.00,0.00,0.58,0.08,0.00,0.00,1.62,0.00,0.14,0.00,0.20,1.0,1.0,0.0,1.0,0.0,0.0,0.0,0.0,1.0,1.0,1.0,0.0,1.0,0.0,0.0,0.0,0.0,0.0
41,0,2.667,0.98,1,-56.5,19.7,383.6,-0.026,-0.118,-0.018,0.93,0.76,0.11,0.86,0.00,0.06,0.00,0.00,0.75,0.00,0.00,0.00,1.67,0.00,0.19,0.00,0.20,1.0,1.0,0.0,1.0,0.0,0.0,0.0,0.0,1.0,1.0,0.0,0.0,1.0,0.0,0.0,0.0,0.0,0.0
42,0,2.733,0.98,1,-56.4,19.9,383.1,-0.025,-0.116,-0.019,0.78,0.65,0.03,0.89,0.00,0.25,0.00,0.00,0.87,0.00,0.00,0.00,1.95,0.00,0.18,0.00,0.27,1.0,1.0,0.0,1.0,0.0,0.0,0.0,0.0,1.0,1.0,1.0,0.0,1.0,0.0,0.0,0.0,0.0,0.0
43,0,2.800,0.98,1,-56.3,20.3,382.8,-0.023,-0.118,-0.019,0.80,0.73,0.01,0.44,0.00,0.00,0.00,0.00,0.92,0.00,0.00,0.00,1.81,0.00,0.20,0.00,0.11,1.0,1.0,0.0,1.0,0.0,0.0,0.0,0.0,1.0,1.0,1.0,0.0,1.0,0.0,0.0,0.0,0.0,0.0
44,0,2.867,0.98,1,-56.2,20.4,382.6,-0.022,-0.120,-0.019,0.69,0.73,0.00,0.50,0.00,0.00,0.00,0.00,1.01,0.00,0.00,0.00,1.78,0.00,0.25,0.00,0.22,1.0,1.0,0.0,1.0,0.0,0.0,0.0,0.0,1.0,1.0,0.0,0.0,1.0,0.0,0.0,0.0,0.0,0.0
45,0,2.933,0.98,1,-56.1,20.5,382.6,-0.023,-0.120,-0.019,0.75,0.67,0.01,0.43,0.00,0.22,0.00,0.00,1.01,0.05,0.00,0.00,1.87,0.00,0.22,0.00,0.22,1.0,1.0,0.0,1.0,0.0,0.0,0.0,0.0,1.0,1.0,1.0,0.0,1.0,0.0,0.0,0.0,0.0,0.0
46,0,3.000,0.98,1,-55.8,20.6,381.4,-0.024,-0.125,-0.016,1.02,0.86,0.20,0.98,0.00,0.26,0.00,0.00,0.85,0.18,0.00,0.00,1.82,0.00,0.17,0.00,0.07,1.0,1.0,0.0,1.0,0.0,0.0,0.0,0.0,1.0,1.0,0.0,0.0,1.0,0.0,0.0,0.0,0.0,0.0
47,0,3.067,0.98,1,-55.7,20.6,381.8,-0.027,-0.124,-0.014,0.95,0.87,0.23,0.64,0.00,0.07,0.00,0.00,0.82,0.13,0.00,0.00,1.82,0.00,0.17,0.00,0.13,1.0,1.0,0.0,1.0,0.0,0.0,0.0,0.0,1.0,1.0,0.0,0.0,1.0,0.0,0.0,0.0,0.0,0.0
48,0,3.133,0.98,1,-55.1,20.5,382.3,-0.034,-0.125,-0.014,1.04,1.00,0.32,0.54,0.00,0.03,0.00,0.00,0.80,0.32,0.00,0.00,1.75,0.00,0.29,0.00,0.19,1.0,1.0,0.0,1.0,0.0,0.0,0.0,0.0,1.0,1.0,1.0,0.0,1.0,0.0,0.0,0.0,0.0,0.0
49,0,3.200,0.98,1,-54.3,20.1,382.1,-0.040,-0.128,-0.016,0.96,0.99,0.17,0.72,0.00,0.00,0.00,0.00,0.87,0.33,0.00,0.00,1.85,0.00,0.27,0.00,0.16,1.0,1.0,0.0,1.0,0.0,0.0,0.0,0.0,1.0,1.0,1.0,0.0,1.0,0.0,0.0,0.0,0.0,0.0
50,0,3.267,0.98,1,-53.2,19.3,382.2,-0.049,-0.129,-0.014,0.90,1.02,0.32,0.51,0.00,0.02,0.00,0.00,0.91,0.18,0.00,0.00,1.86,0.00,0.25,0.00,0.19,1.0,1.0,0.0,1.0,0.0,0.0,0.0,0.0,1.0,1.0,1.0,0.0,1.0,0.0,0.0,0.0,0.0,0.0
51,0,3.333,0.98,1,-51.9,18.1,382.0,-0.061,-0.128,-0.013,0.88,0.99,0.14,0.50,0.00,0.00,0.00,0.00,0.83,0.31,0.00,0.00,1.78,0.00,0.17,0.00,0.23,1.0,1.0,0.0,1.0,0.0,0.0,0.0,0.0,1.0,1.0,1.0,0.0,1.0,0.0,0.0,0.0,0.0,0.0
52,0,3.400,0.98,1,-50.5,16.8,381.8,-0.065,-0.128,-0.012,0.91,1.05,0.22,0.71,0.00,0.00,0.00,0.00,0.86,0.12,0.08,0.00,1.83,0.00,0.23,0.00,0.10,1.0,1.0,0.0,1.0,0.0,0.0,0.0,0.0,1.0,1.0,1.0,0.0,1.0,0.0,0.0,0.0,0.0,0.0
53,0,3.467,0.98,1,-49.4,15.4,384.7,-0.080,-0.124,-0.010,1.02,1.29,0.26,0.62,0.00,0.08,0.00,0.00,0.72,0.16,0.12,0.00,1.93,0.00,0.29,0.00,0.11,1.0,1.0,0.0,1.0,0.0,0.0,0.0,0.0,1.0,1.0,1.0,0.0,1.0,0.0,0.0,0.0,0.0,0.0
54,0,3.533,0.98,1,-47.9,14.1,386.7,-0.082,-0.129,-0.005,0.94,1.28,0.01,0.70,0.00,0.00,0.00,0.00,0.59,0.05,0.24,0.00,1.75,0.00,0.18,0.00,0.09,1.0,1.0,0.0,1.0,0.0,0.0,0.0,0.0,1.0,1.0,1.0,0.0,1.0,0.0,0.0,0.0,0.0,0.0
55,0,3.600,0.98,1,-46.0,12.6,388.7,-0.087,-0.126,-0.003,1.09,1.52,0.19,0.83,0.00,0.00,0.00,0.00,0.63,0.00,0.29,0.00,1.68,0.00,0.16,0.00,0.09,1.0,1.0,0.0,1.0,0.0,0.0,0.0,0.0,1.0,1.0,1.0,0.0,1.0,0.0,0.0,0.0,0.0,0.0
56,0,3.667,0.98,1,-43.3,11.3,389.5,-0.089,-0.125,0.002,1.12,1.36,0.25,0.65,0.00,0.17,0.00,0.00,0.50,0.00,0.43,0.00,1.67,0.00,0.11,0.00,0.12,1.0,1.0,0.0,1.0,0.0,0.0,0.0,0.0,1.0,1.0,1.0,0.0,1.0,0.0,0.0,0.0,0.0,0.0
57,0,3.733,0.98,1,-40.2,10.2,391.1,-0.090,-0.125,0.010,1.01,1.35,0.10,0.28,0.00,0.17,0.00,0.00,0.45,0.15,0.45,0.00,1.83,0.00,0.09,0.00,0.09,1.0,1.0,0.0,1.0,0.0,0.0,0.0,0.0,1.0,1.0,1.0,0.0,1.0,0.0,0.0,0.0,0.0,0.0
58,0,3.800,0.98,1,-36.8,9.4,391.9,-0.088,-0.127,0.016,1.15,1.40,0.08,0.44,0.00,0.10,0.00,0.00,0.41,0.00,0.38,0.00,1.77,0.00,0.04,0.00,0.26,1.0,1.0,0.0,1.0,0.0,0.0,0.0,0.0,1.0,1.0,1.0,0.0,1.0,0.0,0.0,0.0,0.0,0.0
59,0,3.867,0.98,1,-33.8,8.8,394.1,-0.091,-0.124,0.023,1.22,1.43,0.26,0.32,0.00,0.09,0.00,0.00,0.25,0.00,0.32,0.00,1.80,0.00,0.13,0.00,0.29,1.0,1.0,0.0,1.0,0.0,0.0,0.0,0.0,0.0,1.0,1.0,0.0,1.0,0.0,0.0,0.0,0.0,0.0
60,0,3.933,0.98,1,-31.1,8.6,395.3,-0.085,-0.122,0.029,1.22,1.46,0.18,0.30,0.00,0.00,0.00,0.00,0.29,0.00,0.40,0.00,1.68,0.00,0.03,0.00,0.27,1.0,1.0,0.0,1.0,0.0,0.0,0.0,0.0,1.0,1.0,1.0,0.0,1.0,0.0,0.0,0.0,0.0,0.0
61,0,4.000,0.98,1,-28.9,8.4,396.5,-0.084,-0.117,0.031,1.26,1.47,0.09,0.69,0.00,0.00,0.00,0.00,0.27,0.00,0.24,0.00,1.66,0.00,0.06,0.00,0.26,1.0,1.0,0.0,1.0,0.0,0.0,0.0,0.0,1.0,1.0,1.0,0.0,1.0,0.0,0.0,0.0,0.0,0.0
62,0,4.067,0.98,1,-27.6,8.4,398.0,-0.080,-0.110,0.032,1.23,1.46,0.13,0.78,0.00,0.00,0.00,0.00,0.31,0.00,0.26,0.00,1.67,0.00,0.04,0.00,0.31,1.0,1.0,0.0,1.0,0.0,0.0,0.0,0.0,1.0,1.0,1.0,0.0,1.0,0.0,0.0,0.0,0.0,0.0
63,0,4.133,0.98,1,-27.1,8.5,398.1,-0.072,-0.108,0.033,1.13,1.33,0.05,0.47,0.00,0.00,0.00,0.00,0.28,0.00,0.38,0.00,1.75,0.00,0.02,0.00,0.24,1.0,1.0,0.0,1.0,0.0,0.0,0.0,0.0,0.0,1.0,1.0,0.0,1.0,0.0,0.0,0.0,0.0,0.0
64,0,4.200,0.98,1,-26.7,8.9,398.5,-0.065,-0.100,0.032,1.28,1.41,0.27,0.65,0.00,0.20,0.00,0.00,0.22,0.00,0.26,0.00,1.80,0.00,0.08,0.00,0.25,1.0,1.0,0.0,1.0,0.0,0.0,0.0,0.0,0.0,1.0,1.0,0.0,1.0,0.0,0.0,0.0,0.0,0.0
65,0,4.267,0.98,1,-25.7,9.2,398.2,-0.058,-0.101,0.030,1.28,1.25,0.30,0.47,0.00,0.11,0.00,0.00,0.30,0.00,0.27,0.00,1.91,0.00,0.08,0.00,0.26,1.0,1.0,0.0,1.0,0.0,0.0,0.0,0.0,0.0,1.0,1.0,0.0,1.0,0.0,0.0,0.0,0.0,0.0
66,0,4.333,0.98,1,-24.2,9.6,397.6,-0.052,-0.097,0.032,1.43,1.32,0.26,0.58,0.00,0.00,0.00,0.00,0.20,0.00,0.23,0.00,1.73,0.00,0.02,0.00,0.34,1.0,1.0,0.0,1.0,0.0,0.0,0.0,0.0,0.0,1.0,1.0,0.0,1.0,0.0,0.0,0.0,0.0,0.0
67,0,4.400,0.98,1,-22.4,10.0,398.6,-0.051,-0.098,0.036,1.40,1.22,0.12,0.65,0.00,0.07,0.00,0.00,0.16,0.00,0.28,0.00,1.73,0.00,0.03,0.00,0.32,1.0,1.0,0.0,1.0,0.0,0.0,0.0,0.0,0.0,1.0,1.0,0.0,1.0,0.0,0.0,0.0,0.0,0.0
68,0,4.467,0.98,1,-20.1,10.5,399.0,-0.048,-0.096,0.044,1.56,1.51,0.33,0.75,0.00,0.19,0.00,0.00,0.17,0.00,0.25,0.00,1.55,0.00,0.01,0.00,0.33,1.0,1.0,0.0,1.0,0.0,0.0,0.0,0.0,0.0,1.0,1.0,0.0,1.0,0.0,0.0,0.0,0.0,0.0
69,0,4.533,0.98,1,-17.3,10.8,400.0,-0.048,-0.096,0.049,1.35,1.37,0.25,0.39,0.00,0.29,0.00,0.00,0.19,0.00,0.10,0.00,1.44,0.00,0.00,0.00,0.29,1.0,1.0,0.0,1.0,0.0,0.0,0.0,0.0,0.0,1.0,1.0,0.0,1.0,0.0,0.0,0.0,0.0,0.0
70,0,4.600,0.98,1,-14.0,10.9,399.6,-0.043,-0.094,0.054,1.47,1.51,0.23,0.40,0.00,0.03,0.00,0.00,0.21,0.00,0.15,0.00,1.21,0.00,0.00,0.00,0.30,1.0,1.0,0.0,1.0,0.0,0.0,0.0,0.0,0.0,1.0,1.0,0.0,1.0,0.0,0.0,0.0,0.0,0.0
71,0,4.667,0.98,1,-10.4,10.7,401.0,-0.038,-0.094,0.056,1.21,1.37,0.22,0.40,0.00,0.00,0.00,0.00,0.35,0.00,0.20,0.00,1.32,0.00,0.00,0.00,0.29,1.0,1.0,0.0,0.0,0.0,0.0,0.0,0.0,1.0,1.0,1.0,0.0,1.0,0.0,0.0,0.0,0.0,0.0
72,0,4.733,0.98,1,-7.0,10.5,402.1,-0.037,-0.093,0.055,1.59,1.51,0.16,0.54,0.00,0.00,0.00,0.00,0.42,0.00,0.14,0.00,1.32,0.00,0.00,0.00,0.43,1.0,1.0,0.0,1.0,0.0,0.0,0.0,0.0,0.0,1.0,1.0,0.0,1.0,0.0,0.0,0.0,0.0,0.0
73,0,4.800,0.98,1,-3.4,10.1,404.4,-0.035,-0.098,0.054,1.25,1.11,0.01,0.32,0.00,0.00,0.00,0.00,0.43,0.00,0.18,0.00,1.13,0.00,0.00,0.00,0.31,1.0,1.0,0.0,1.0,0.0,0.0,0.0,0.0,0.0,1.0,1.0,0.0,1.0,0.0,0.0,0.0,0.0,0.0
74,0,4.867,0.98,1,-0.6,10.0,406.1,-0.027,-0.107,0.047,1.55,1.28,0.00,0.33,0.00,0.00,0.00,0.00,0.37,0.00,0.41,0.00,1.13,0.00,0.01,0.00,0.40,1.0,1.0,0.0,1.0,0.0,0.0,0.0,0.0,0.0,1.0,1.0,0.0,1.0,0.0,0.0,0.0,0.0,0.0
75,0,4.933,0.98,1,0.8,9.9,407.7,-0.026,-0.113,0.035,1.62,1.29,0.06,0.24,0.00,0.00,0.00,0.00,0.23,0.00,0.27,0.00,0.93,0.00,0.04,0.00,0.41,1.0,1.0,0.0,0.0,0.0,0.0,0.0,0.0,0.0,1.0,1.0,0.0,1.0,0.0,0.0,0.0,0.0,0.0
76,0,5.000,0.98,1,0.8,10.0,409.8,-0.019,-0.124,0.022,1.25,1.30,0.04,0.25,0.00,0.00,0.00,0.00,0.09,0.00,0.37,0.00,0.87,0.00,0.04,0.00,0.42,1.0,1.0,0.0,0.0,0.0,0.0,0.0,0.0,0.0,1.0,1.0,0.0,1.0,0.0,0.0,0.0,0.0,0.0
77,0,5.067,0.98,1,-0.3,9.9,411.2,-0.008,-0.126,0.011,1.31,1.29,0.00,0.11,0.00,0.00,0.00,0.00,0.13,0.00,0.42,0.00,0.92,0.00,0.06,0.00,0.32,1.0,1.0,0.0,0.0,0.0,0.0,0.0,0.0,0.0,1.0,1.0,0.0,1.0,0.0,0.0,0.0,0.0,0.0
78,0,5.133,0.98,1,-2.2,9.9,413.6,-0.001,-0.124,-0.000,1.30,1.24,0.00,0.19,0.00,0.00,0.00,0.00,0.14,0.00,0.33,0.00,0.89,0.00,0.00,0.00,0.30,1.0,1.0,0.0,0.0,0.0,0.0,0.0,0.0,0.0,1.0,1.0,0.0,1.0,0.0,0.0,0.0,0.0,0.0
79,0,5.200,0.98,1,-4.3,10.0,422.1,0.005,-0.123,-0.015,1.68,1.58,0.00,0.40,0.00,0.38,0.00,0.00,0.39,0.00,0.33,0.00,0.83,0.00,0.28,0.00,1.98,1.0,1.0,0.0,0.0,0.0,0.0,0.0,0.0,0.0,1.0,1.0,0.0,1.0,0.0,0.0,0.0,0.0,1.0
80,0,5.267,0.98,1,-6.3,9.7,424.7,0.008,-0.115,-0.032,1.54,1.41,0.12,0.50,0.00,0.71,0.00,0.00,0.37,0.00,0.29,0.00,1.14,0.00,0.14,0.00,2.68,1.0,1.0,0.0,0.0,0.0,0.0,0.0,0.0,0.0,1.0,1.0,0.0,1.0,0.0,0.0,0.0,0.0,1.0
81,0,5.333,0.98,1,-7.8,8.4,423.7,0.014,-0.095,-0.041,1.29,1.12,0.11,0.00,0.00,0.00,0.00,0.00,0.18,0.00,0.31,0.00,1.02,0.00,0.04,0.00,0.97,1.0,1.0,0.0,0.0,0.0,0.0,0.0,0.0,0.0,1.0,1.0,0.0,1.0,0.0,0.0,0.0,0.0,1.0
82,0,5.400,0.98,1,-8.8,7.2,419.3,0.012,-0.086,-0.050,1.43,1.25,0.29,0.46,0.00,0.00,0.00,0.00,0.02,0.00,0.32,0.00,0.94,0.00,0.00,0.00,0.31,1.0,1.0,0.0,1.0,0.0,0.0,0.0,0.0,0.0,1.0,1.0,0.0,1.0,0.0,0.0,0.0,0.0,0.0
83,0,5.467,0.98,1,-9.6,6.0,422.5,0.006,-0.079,-0.053,1.45,1.14,0.33,0.24,0.00,0.00,0.00,0.00,0.00,0.00,0.32,0.00,1.35,0.00,0.00,0.00,0.09,1.0,1.0,0.0,1.0,0.0,0.0,0.0,0.0,0.0,1.0,1.0,0.0,1.0,0.0,0.0,0.0,0.0,0.0
84,0,5.533,0.98,1,-9.8,4.7,422.2,0.005,-0.074,-0.057,1.50,1.31,0.23,0.58,0.00,0.00,0.00,0.00,0.00,0.00,0.21,0.00,1.24,0.00,0.00,0.00,0.00,1.0,1.0,0.0,1.0,0.0,0.0,0.0,0.0,0.0,1.0,1.0,0.0,1.0,0.0,0.0,0.0,0.0,0.0
85,0,5.600,0.98,1,-9.4,3.3,424.6,-0.005,-0.059,-0.055,1.20,1.23,0.22,0.46,0.00,0.00,0.00,0.00,0.03,0.00,0.34,0.00,1.47,0.00,0.00,0.00,0.00,1.0,1.0,0.0,1.0,0.0,0.0,0.0,0.0,0.0,1.0,1.0,0.0,1.0,0.0,0.0,0.0,0.0,0.0
86,0,5.667,0.98,1,-7.6,2.5,425.4,-0.004,-0.045,-0.051,1.32,1.30,0.21,0.87,0.00,0.00,0.00,0.00,0.10,0.00,0.29,0.00,1.50,0.00,0.00,0.00,0.00,1.0,1.0,0.0,1.0,0.0,0.0,0.0,0.0,0.0,1.0,1.0,0.0,1.0,0.0,0.0,0.0,0.0,0.0
87,0,5.733,0.98,1,-4.5,2.0,426.6,-0.016,-0.036,-0.043,1.20,1.19,0.33,0.98,0.00,0.00,0.00,0.00,0.02,0.00,0.19,0.00,1.43,0.00,0.00,0.00,0.00,1.0,1.0,0.0,1.0,0.0,0.0,0.0,0.0,0.0,1.0,1.0,0.0,1.0,0.0,0.0,0.0,0.0,0.0
88,0,5.800,0.98,1,-0.1,1.7,427.4,-0.020,-0.027,-0.033,1.39,1.31,0.32,0.49,0.00,0.00,0.00,0.00,0.00,0.00,0.31,0.00,1.56,0.00,0.00,0.00,0.00,1.0,1.0,0.0,1.0,0.0,0.0,0.0,0.0,0.0,1.0,1.0,0.0,1.0,0.0,0.0,0.0,0.0,0.0
89,0,5.867,0.98,1,4.7,1.4,428.3,-0.025,-0.016,-0.024,1.27,1.16,0.25,0.56,0.00,0.00,0.00,0.00,0.00,0.00,0.28,0.00,1.41,0.00,0.00,0.00,0.00,1.0,1.0,0.0,1.0,0.0,0.0,0.0,0.0,0.0,1.0,1.0,0.0,1.0,0.0,0.0,0.0,0.0,0.0
90,0,5.933,0.98,1,9.7,1.3,429.2,-0.031,-0.006,-0.018,1.16,1.21,0.34,0.80,0.00,0.00,0.00,0.00,0.00,0.00,0.24,0.00,1.35,0.03,0.00,0.00,0.00,1.0,1.0,0.0,1.0,0.0,0.0,0.0,0.0,0.0,1.0,1.0,0.0,1.0,1.0,0.0,0.0,0.0,0.0
91,0,6.000,0.98,1,14.9,1.2,431.4,-0.047,0.003,-0.008,1.05,0.95,0.12,0.27,0.00,0.00,0.00,0.00,0.00,0.00,0.21,0.00,1.19,0.04,0.00,0.00,0.00,1.0,1.0,0.0,1.0,0.0,0.0,0.0,0.0,0.0,1.0,1.0,0.0,1.0,1.0,0.0,0.0,0.0,0.0
92,0,6.067,0.98,1,20.1,1.4,430.9,-0.048,0.013,0.002,1.05,1.10,0.19,0.32,0.00,0.00,0.00,0.00,0.00,0.00,0.16,0.00,1.23,0.00,0.00,0.00,0.00,1.0,1.0,0.0,1.0,0.0,0.0,0.0,0.0,0.0,1.0,1.0,0.0,1.0,1.0,0.0,0.0,0.0,0.0
93,0,6.133,0.98,1,25.6,1.4,434.0,-0.061,0.026,0.016,0.92,1.08,0.17,0.27,0.00,0.00,0.00,0.00,0.00,0.00,0.33,0.00,1.46,0.15,0.00,0.00,0.00,1.0,1.0,0.0,1.0,0.0,0.0,0.0,0.0,0.0,1.0,1.0,0.0,1.0,1.0,0.0,0.0,0.0,0.0
94,0,6.200,0.98,1,31.1,1.3,434.9,-0.073,0.031,0.027,1.18,1.20,0.18,0.50,0.00,0.00,0.00,0.00,0.00,0.00,0.21,0.00,1.55,0.00,0.00,0.00,0.00,1.0,1.0,0.0,1.0,0.0,0.0,0.0,0.0,0.0,1.0,1.0,0.0,1.0,0.0,0.0,0.0,0.0,0.0
95,0,6.267,0.98,1,36.3,0.9,435.4,-0.085,0.036,0.041,1.00,1.21,0.29,0.56,0.00,0.00,0.00,0.00,0.00,0.00,0.17,0.00,1.21,0.00,0.00,0.00,0.00,1.0,1.0,0.0,1.0,0.0,0.0,0.0,0.0,0.0,1.0,1.0,0.0,1.0,0.0,0.0,0.0,0.0,0.0
96,0,6.333,0.98,1,41.2,0.8,437.2,-0.098,0.045,0.049,0.87,1.16,0.28,0.40,0.00,0.00,0.00,0.00,0.00,0.00,0.22,0.00,1.49,0.09,0.00,0.00,0.00,1.0,1.0,0.0,1.0,0.0,0.0,0.0,0.0,0.0,1.0,1.0,0.0,1.0,0.0,0.0,0.0,0.0,0.0
97,0,6.400,0.98,1,45.6,0.7,437.0,-0.110,0.057,0.052,0.93,1.34,0.39,0.17,0.00,0.00,0.00,0.00,0.00,0.00,0.31,0.00,1.24,0.16,0.00,0.00,0.00,1.0,1.0,0.0,1.0,0.0,0.0,0.0,0.0,0.0,1.0,1.0,0.0,1.0,0.0,0.0,0.0,0.0,0.0
98,0,6.467,0.98,1,49.8,0.7,437.2,-0.117,0.067,0.054,0.91,1.29,0.36,0.35,0.00,0.00,0.00,0.00,0.00,0.00,0.32,0.00,1.31,0.17,0.00,0.00,0.00,1.0,1.0,0.0,1.0,0.0,0.0,0.0,0.0,0.0,0.0,1.0,0.0,1.0,0.0,0.0,0.0,0.0,0.0
99,0,6.533,0.98,1,53.9,0.9,437.7,-0.124,0.077,0.057,0.48,1.10,0.20,0.66,0.00,0.00,0.00,0.00,0.00,0.00,0.34,0.00,1.25,0.08,0.00,0.00,0.00,1.0,1.0,0.0,1.0,0.0,0.0,0.0,0.0,0.0,1.0,1.0,0.0,1.0,0.0,0.0,0.0,0.0,0.0
100,0,6.600,0.98,1,58.3,1.5,437.8,-0.129,0.087,0.061,0.47,1.23,0.02,0.49,0.00,0.00,0.00,0.00,0.00,0.00,0.31,0.00,1.18,0.04,0.00,0.00,0.00,1.0,1.0,0.0,1.0,0.0,0.0,0.0,0.0,0.0,1.0,1.0,0.0,1.0,0.0,0.0,0.0,0.0,0.0
101,0,6.667,0.98,1,62.9,2.4,438.3,-0.129,0.097,0.066,0.62,1.30,0.12,0.42,0.00,0.00,0.00,0.00,0.00,0.00,0.13,0.00,1.27,0.05,0.00,0.00,0.00,1.0,1.0,0.0,1.0,0.0,0.0,0.0,0.0,0.0,1.0,1.0,0.0,1.0,0.0,0.0,0.0,0.0,0.0
102,0,6.733,0.98,1,67.0,3.2,438.1,-0.124,0.114,0.069,0.52,1.11,0.40,0.37,0.00,0.00,0.00,0.00,0.00,0.00,0.41,0.00,1.21,0.02,0.00,0.00,0.00,1.0,1.0,0.0,1.0,0.0,0.0,0.0,0.0,0.0,1.0,1.0,0.0,1.0,0.0,0.0,0.0,0.0,0.0
103,0,6.800,0.98,1,70.8,4.0,437.8,-0.120,0.128,0.071,0.92,1.31,0.43,0.59,0.00,0.00,0.00,0.00,0.00,0.00,0.43,0.00,1.19,0.00,0.00,0.00,0.00,1.0,1.0,0.0,1.0,0.0,0.0,0.0,0.0,0.0,0.0,1.0,0.0,1.0,0.0,0.0,0.0,0.0,0.0
104,0,6.867,0.98,1,74.1,4.9,438.0,-0.115,0.137,0.072,0.70,1.23,0.31,0.44,0.00,0.00,0.00,0.00,0.00,0.00,0.32,0.00,1.13,0.00,0.00,0.00,0.00,1.0,1.0,0.0,1.0,0.0,0.0,0.0,0.0,0.0,0.0,1.0,0.0,1.0,0.0,0.0,0.0,0.0,0.0
105,0,6.933,0.98,1,76.7,5.4,438.6,-0.115,0.143,0.077,0.69,1.13,0.11,0.27,0.00,0.00,0.00,0.00,0.00,0.00,0.52,0.00,1.13,0.00,0.00,0.00,0.00,1.0,1.0,0.0,1.0,0.0,0.0,0.0,0.0,0.0,1.0,1.0,0.0,1.0,0.0,0.0,0.0,0.0,0.0
106,0,7.000,0.98,1,78.1,5.5,438.9,-0.117,0.147,0.082,0.47,0.96,0.00,0.00,0.00,0.00,0.00,0.00,0.00,0.00,0.15,0.00,1.03,0.00,0.00,0.00,0.00,1.0,1.0,0.0,1.0,0.0,0.0,0.0,0.0,0.0,0.0,1.0,0.0,1.0,0.0,0.0,0.0,0.0,0.0
107,0,7.067,0.98,1,78.3,5.2,439.4,-0.121,0.143,0.084,0.46,1.03,0.06,0.33,0.00,0.00,0.00,0.00,0.00,0.00,0.22,0.00,1.12,0.00,0.00,0.00,0.00,1.0,1.0,0.0,1.0,0.0,0.0,0.0,0.0,0.0,1.0,1.0,0.0,1.0,0.0,0.0,0.0,0.0,0.0
108,0,7.133,0.98,1,76.2,4.6,439.4,-0.118,0.138,0.081,0.46,1.03,0.05,0.07,0.00,0.00,0.00,0.00,0.00,0.00,0.24,0.00,1.21,0.00,0.00,0.00,0.00,1.0,1.0,0.0,1.0,0.0,0.0,0.0,0.0,0.0,1.0,1.0,0.0,1.0,0.0,0.0,0.0,0.0,0.0
109,0,7.200,0.98,1,71.5,3.5,439.2,-0.131,0.141,0.068,0.49,1.15,0.04,0.08,0.00,0.00,0.00,0.00,0.00,0.00,0.20,0.00,1.08,0.00,0.00,0.00,0.00,1.0,1.0,0.0,1.0,0.0,0.0,0.0,0.0,0.0,0.0,1.0,0.0,1.0,0.0,0.0,0.0,0.0,0.0
110,0,7.267,0.98,1,65.5,2.2,438.2,-0.145,0.139,0.055,0.54,1.05,0.35,0.00,0.00,0.00,0.00,0.00,0.00,0.00,0.23,0.00,0.97,0.00,0.00,0.00,0.04,1.0,1.0,0.0,1.0,0.0,0.0,0.0,0.0,0.0,0.0,1.0,0.0,1.0,0.0,0.0,0.0,0.0,0.0
111,0,7.333,0.98,1,58.9,1.3,436.8,-0.144,0.128,0.043,0.96,1.30,0.63,0.07,0.00,0.00,0.00,0.00,0.00,0.00,0.31,0.00,0.95,0.00,0.00,0.00,0.15,1.0,1.0,0.0,1.0,0.0,0.0,0.0,0.0,0.0,0.0,1.0,0.0,1.0,0.0,0.0,0.0,0.0,0.0
112,0,7.400,0.98,1,51.2,0.7,435.3,-0.136,0.119,0.031,0.93,1.15,0.56,0.08,0.00,0.00,0.00,0.00,0.00,0.00,0.38,0.00,1.17,0.00,0.00,0.00,0.23,1.0,1.0,0.0,1.0,0.0,0.0,0.0,0.0,0.0,0.0,1.0,0.0,1.0,0.0,0.0,0.0,0.0,0.0
113,0,7.467,0.98,1,42.7,0.3,433.3,-0.131,0.109,0.013,1.10,1.26,0.60,0.08,0.00,0.00,0.00,0.00,0.00,0.00,0.32,0.00,1.32,0.00,0.00,0.00,0.27,1.0,1.0,0.0,1.0,0.0,0.0,0.0,0.0,0.0,0.0,1.0,0.0,1.0,0.0,0.0,0.0,0.0,0.0
114,0,7.533,0.98,1,34.7,-0.2,439.8,-0.128,0.102,-0.003,1.20,1.32,0.51,0.00,0.00,0.23,0.00,0.00,0.00,0.00,0.38,0.00,1.60,0.00,0.00,0.00,2.24,1.0,1.0,0.0,0.0,0.0,0.0,0.0,0.0,0.0,0.0,1.0,0.0,1.0,0.0,0.0,0.0,0.0,1.0
115,0,7.600,0.98,1,25.6,-1.3,436.1,-0.117,0.081,-0.021,0.86,1.08,0.68,0.00,0.00,0.55,0.00,0.00,0.00,0.00,0.37,0.00,1.57,0.00,0.00,0.00,2.05,1.0,1.0,0.0,0.0,0.0,0.0,0.0,0.0,0.0,0.0,1.0,0.0,1.0,1.0,0.0,0.0,0.0,1.0
116,0,7.667,0.98,1,15.9,-2.5,428.8,-0.110,0.066,-0.039,1.06,0.99,0.78,0.00,0.00,0.00,0.00,0.00,0.00,0.00,0.30,0.00,1.83,0.00,0.00,0.00,0.69,1.0,1.0,0.0,0.0,0.0,0.0,0.0,0.0,0.0,0.0,1.0,0.0,1.0,1.0,0.0,0.0,0.0,1.0
117,0,7.733,0.98,1,5.8,-3.0,424.2,-0.098,0.050,-0.054,1.22,1.19,0.77,0.00,0.00,0.00,0.00,0.00,0.00,0.00,0.24,0.00,1.84,0.00,0.00,0.00,0.36,1.0,1.0,0.0,1.0,0.0,0.0,0.0,0.0,0.0,0.0,1.0,0.0,1.0,1.0,0.0,0.0,0.0,0.0
118,0,7.800,0.98,1,-4.9,-2.6,421.2,-0.087,0.034,-0.068,1.13,1.13,0.76,0.00,0.00,0.00,0.00,0.00,0.00,0.00,0.17,0.00,2.00,0.00,0.00,0.00,0.12,1.0,1.0,0.0,1.0,0.0,0.0,0.0,0.0,0.0,0.0,1.0,0.0,1.0,0.0,0.0,0.0,0.0,0.0
119,0,7.867,0.98,1,-16.0,-1.9,418.5,-0.067,0.014,-0.086,1.25,1.23,0.94,0.00,0.00,0.00,0.00,0.00,0.00,0.00,0.17,0.00,2.01,0.00,0.00,0.00,0.08,1.0,1.0,0.0,1.0,0.0,0.0,0.0,0.0,0.0,0.0,1.0,0.0,1.0,1.0,0.0,0.0,0.0,0.0
120,0,7.933,0.98,1,-27.1,-1.1,416.7,-0.051,-0.007,-0.102,1.09,1.05,1.00,0.13,0.00,0.00,0.00,0.00,0.00,0.00,0.24,0.00,1.82,0.00,0.00,0.00,0.13,1.0,1.0,0.0,1.0,0.0,0.0,0.0,0.0,0.0,1.0,1.0,0.0,1.0,1.0,0.0,0.0,0.0,0.0
121,0,8.000,0.98,1,-38.3,-0.5,415.2,-0.044,-0.027,-0.116,1.13,1.04,0.40,0.00,0.00,0.00,0.00,0.00,0.00,0.00,0.36,0.00,2.10,0.00,0.00,0.00,0.00,1.0,1.0,0.0,1.0,0.0,0.0,0.0,0.0,0.0,1.0,1.0,0.0,1.0,1.0,0.0,0.0,0.0,0.0
122,0,8.067,0.98,1,-49.0,0.0,413.4,-0.041,-0.047,-0.126,1.20,1.24,0.47,0.00,0.00,0.00,0.00,0.00,0.00,0.00,0.26,0.00,2.16,0.00,0.00,0.00,0.00,1.0,1.0,0.0,1.0,0.0,0.0,0.0,0.0,0.0,1.0,1.0,0.0,1.0,1.0,0.0,0.0,0.0,0.0
123,0,8.133,0.98,1,-59.2,0.6,412.5,-0.044,-0.068,-0.132,1.40,1.28,0.70,0.16,0.00,0.00,0.00,0.00,0.00,0.00,0.28,0.00,2.21,0.00,0.00,0.00,0.00,1.0,1.0,0.0,1.0,0.0,0.0,0.0,0.0,0.0,1.0,1.0,0.0,1.0,1.0,0.0,0.0,0.0,0.0
124,0,8.200,0.98,1,-68.6,1.1,411.2,-0.041,-0.089,-0.136,1.23,1.13,0.59,0.00,0.00,0.00,0.00,0.00,0.00,0.00,0.23,0.00,2.20,0.00,0.00,0.00,0.00,1.0,1.0,0.0,1.0,0.0,0.0,0.0,0.0,0.0,1.0,1.0,0.0,1.0,0.0,0.0,0.0,0.0,0.0
125,0,8.267,0.98,1,-77.4,1.9,411.0,-0.038,-0.115,-0.142,1.13,1.16,0.46,0.22,0.00,0.00,0.00,0.00,0.00,0.00,0.29,0.00,2.35,0.00,0.00,0.00,0.00,1.0,1.0,0.0,1.0,0.0,0.0,0.0,0.0,0.0,1.0,1.0,0.0,1.0,0.0,0.0,0.0,0.0,0.0
126,0,8.333,0.98,1,-85.0,2.5,410.3,-0.042,-0.142,-0.150,1.35,1.29,0.50,0.15,0.00,0.00,0.00,0.00,0.00,0.00,0.43,0.00,2.24,0.00,0.00,0.00,0.00,1.0,1.0,0.0,1.0,0.0,0.0,0.0,0.0,0.0,1.0,1.0,0.0,1.0,1.0,0.0,0.0,0.0,0.0
127,0,8.400,0.98,1,-91.6,3.4,409.1,-0.042,-0.177,-0.161,1.31,1.49,0.48,0.30,0.00,0.00,0.00,0.00,0.00,0.00,0.52,0.00,2.05,0.00,0.00,0.00,0.00,1.0,1.0,0.0,1.0,0.0,0.0,0.0,0.0,0.0,1.0,1.0,0.0,1.0,0.0,0.0,0.0,0.0,0.0
128,0,8.467,0.98,1,-98.2,4.3,408.4,-0.042,-0.209,-0.172,1.36,1.48,0.49,0.62,0.00,0.00,0.00,0.00,0.00,0.00,0.65,0.00,1.95,0.00,0.00,0.00,0.00,1.0,1.0,0.0,1.0,0.0,0.0,0.0,0.0,0.0,1.0,1.0,0.0,1.0,0.0,0.0,0.0,0.0,0.0
129,0,8.533,0.98,1,-105.4,5.2,408.8,-0.047,-0.233,-0.183,1.46,1.61,0.32,0.33,0.00,0.00,0.00,0.00,0.00,0.19,0.66,0.00,1.81,0.00,0.00,0.00,0.00,1.0,1.0,0.0,1.0,0.0,0.0,0.0,0.0,0.0,1.0,1.0,0.0,1.0,0.0,0.0,0.0,0.0,0.0
130,0,8.600,0.98,1,-112.9,6.1,408.2,-0.048,-0.257,-0.191,1.27,1.44,0.36,0.82,0.00,0.00,0.00,0.00,0.00,0.11,0.74,0.00,1.80,0.00,0.00,0.00,0.00,1.0,1.0,0.0,1.0,0.0,0.0,0.0,0.0,0.0,1.0,1.0,0.0,1.0,0.0,0.0,0.0,0.0,0.0
131,0,8.667,0.98,1,-121.0,7.3,408.4,-0.050,-0.270,-0.198,1.55,1.59,0.53,0.31,0.00,0.00,0.00,0.00,0.00,0.00,0.73,0.00,1.65,0.00,0.00,0.00,0.00,1.0,1.0,0.0,1.0,0.0,0.0,0.0,0.0,0.0,1.0,1.0,0.0,1.0,0.0,0.0,0.0,0.0,0.0
132,0,8.733,0.98,1,-128.6,8.7,408.6,-0.054,-0.281,-0.204,1.39,1.47,0.50,0.56,0.00,0.00,0.00,0.00,0.00,0.05,0.73,0.00,1.70,0.00,0.00,0.00,0.00,1.0,1.0,0.0,1.0,0.0,0.0,0.0,0.0,0.0,1.0,1.0,1.0,1.0,0.0,0.0,0.0,0.0,0.0
133,0,8.800,0.98,1,-134.7,9.6,408.7,-0.054,-0.295,-0.211,1.56,1.38,0.60,0.43,0.00,0.00,0.00,0.00,0.00,0.01,0.61,0.00,1.88,0.00,0.00,0.00,0.00,1.0,1.0,0.0,1.0,0.0,0.0,0.0,0.0,0.0,1.0,1.0,0.0,1.0,0.0,0.0,0.0,0.0,0.0
134,0,8.867,0.98,1,-139.8,10.3,410.9,-0.051,-0.301,-0.214,1.68,1.35,0.61,0.11,0.00,0.00,0.00,0.00,0.00,0.00,0.70,0.00,1.79,0.00,0.00,0.00,0.00,1.0,1.0,0.0,1.0,0.0,0.0,0.0,0.0,0.0,1.0,1.0,0.0,1.0,0.0,0.0,0.0,0.0,0.0
135,0,8.933,0.98,1,-142.5,10.4,412.5,-0.049,-0.300,-0.216,1.64,1.39,0.52,0.62,0.00,0.00,0.00,0.00,0.00,0.00,0.60,0.00,2.18,0.00,0.00,0.00,0.00,1.0,1.0,0.0,1.0,0.0,0.0,0.0,0.0,0.0,1.0,1.0,0.0,1.0,0.0,0.0,0.0,0.0,0.0
136,0,9.000,0.98,1,-143.6,9.2,415.6,-0.057,-0.297,-0.216,1.55,1.44,0.53,0.18,0.00,0.00,0.00,0.00,0.00,0.08,0.71,0.00,2.03,0.00,0.00,0.00,0.00,1.0,1.0,0.0,1.0,0.0,0.0,0.0,0.0,0.0,1.0,1.0,0.0,1.0,0.0,0.0,0.0,0.0,0.0
137,0,9.067,0.98,1,-142.8,7.3,418.7,-0.063,-0.291,-0.216,1.51,1.45,0.44,0.40,0.00,0.00,0.00,0.00,0.00,0.06,0.56,0.00,1.97,0.00,0.00,0.00,0.00,1.0,1.0,0.0,1.0,0.0,0.0,0.0,0.0,0.0,1.0,1.0,0.0,1.0,0.0,0.0,0.0,0.0,0.0
138,0,9.133,0.98,1,-141.1,4.8,422.8,-0.073,-0.281,-0.213,1.26,1.35,0.45,0.05,0.00,0.00,0.00,0.00,0.00,0.00,0.56,0.00,1.94,0.00,0.00,0.00,0.00,1.0,1.0,0.0,1.0,0.0,0.0,0.0,0.0,0.0,1.0,1.0,0.0,1.0,0.0,0.0,0.0,0.0,0.0
139,0,9.200,0.98,1,-138.2,2.3,427.3,-0.069,-0.272,-0.204,1.08,1.29,0.27,0.17,0.00,0.00,0.00,0.00,0.00,0.00,0.58,0.00,2.06,0.00,0.00,0.00,0.00,1.0,1.0,0.0,1.0,0.0,0.0,0.0,0.0,0.0,1.0,1.0,0.0,1.0,0.0,0.0,0.0,0.0,0.0
140,0,9.267,0.98,1,-134.6,-0.2,431.4,-0.076,-0.262,-0.196,1.10,1.23,0.20,0.64,0.00,0.00,0.00,0.00,0.00,0.00,0.76,0.00,2.09,0.00,0.01,0.00,0.00,1.0,1.0,0.0,1.0,0.0,0.0,0.0,0.0,0.0,1.0,1.0,0.0,1.0,0.0,0.0,0.0,0.0,0.0
141,0,9.333,0.98,1,-130.8,-2.8,435.9,-0.076,-0.259,-0.183,1.16,1.24,0.16,0.39,0.00,0.00,0.00,0.00,0.00,0.00,0.64,0.00,2.02,0.00,0.00,0.00,0.00,1.0,1.0,0.0,1.0,0.0,0.0,0.0,0.0,0.0,1.0,1.0,0.0,1.0,0.0,0.0,0.0,0.0,0.0
142,0,9.400,0.98,1,-128.0,-5.1,442.7,-0.073,-0.247,-0.175,1.27,1.46,0.36,0.40,0.00,0.00,0.00,0.00,0.00,0.00,0.78,0.00,1.96,0.00,0.08,0.00,0.00,1.0,1.0,0.0,1.0,0.0,0.0,0.0,0.0,0.0,1.0,1.0,0.0,1.0,0.0,0.0,0.0,0.0,0.0
143,0,9.467,0.98,1,-124.2,-7.4,446.1,-0.077,-0.236,-0.168,1.06,1.27,0.04,0.31,0.00,0.00,0.00,0.00,0.00,0.00,0.67,0.00,1.96,0.00,0.08,0.00,0.00,1.0,1.0,0.0,1.0,0.0,0.0,0.0,0.0,0.0,1.0,1.0,0.0,1.0,0.0,0.0,0.0,0.0,0.0
144,0,9.533,0.98,1,-120.6,-9.1,450.6,-0.075,-0.230,-0.160,1.18,1.38,0.19,0.29,0.00,0.00,0.00,0.00,0.00,0.00,0.68,0.00,2.14,0.00,0.00,0.00,0.00,1.0,1.0,0.0,1.0,0.0,0.0,0.0,0.0,0.0,1.0,1.0,0.0,1.0,0.0,0.0,0.0,0.0,0.0
145,0,9.600,0.98,1,-116.9,-10.3,455.6,-0.064,-0.227,-0.150,1.19,1.38,0.10,0.42,0.00,0.00,0.00,0.00,0.00,0.00,0.71,0.00,1.98,0.00,0.02,0.00,0.00,1.0,1.0,0.0,1.0,0.0,0.0,0.0,0.0,0.0,1.0,1.0,0.0,1.0,0.0,0.0,0.0,0.0,0.0
146,0,9.667,0.98,1,-112.6,-11.2,461.8,-0.056,-0.225,-0.143,1.24,1.44,0.09,0.62,0.00,0.00,0.00,0.00,0.00,0.00,0.78,0.00,2.02,0.00,0.00,0.00,0.00,1.0,1.0,0.0,1.0,0.0,0.0,0.0,0.0,0.0,1.0,1.0,0.0,1.0,0.0,0.0,0.0,0.0,0.0
147,0,9.733,0.98,1,-108.4,-12.0,468.8,-0.052,-0.225,-0.136,1.26,1.57,0.31,0.42,0.00,0.00,0.00,0.00,0.00,0.00,0.90,0.00,2.08,0.00,0.04,0.00,0.00,1.0,1.0,0.0,1.0,0.0,0.0,0.0,0.0,0.0,1.0,1.0,0.0,1.0,0.0,0.0,0.0,0.0,0.0
148,0,9.800,0.98,1,-104.2,-13.1,474.7,-0.046,-0.211,-0.122,1.25,1.57,0.29,0.26,0.00,0.00,0.00,0.00,0.00,0.00,0.51,0.00,1.94,0.00,0.00,0.00,0.00,1.0,1.0,0.0,1.0,0.0,0.0,0.0,0.0,0.0,1.0,1.0,0.0,1.0,0.0,0.0,0.0,0.0,0.0
149,0,9.867,0.98,1,-100.2,-14.4,481.6,-0.051,-0.200,-0.113,1.18,1.43,0.31,0.29,0.00,0.00,0.00,0.00,0.00,0.00,0.64,0.00,1.91,0.02,0.00,0.00,0.00,1.0,1.0,0.0,1.0,0.0,0.0,0.0,0.0,0.0,1.0,1.0,0.0,1.0,0.0,0.0,0.0,0.0,0.0
150,0,9.933,0.98,1,-95.3,-15.5,486.4,-0.057,-0.195,-0.103,1.10,1.43,0.57,0.27,0.00,0.00,0.00,0.00,0.00,0.00,0.71,0.00,1.95,0.00,0.00,0.00,0.00,1.0,1.0,0.0,1.0,0.0,0.0,0.0,0.0,0.0,1.0,1.0,0.0,1.0,0.0,0.0,0.0,0.0,0.0
151,0,10.000,0.98,1,-91.2,-15.7,492.4,-0.048,-0.180,-0.091,1.05,1.41,0.60,0.53,0.00,0.00,0.00,0.00,0.00,0.00,0.59,0.00,1.84,0.00,0.00,0.00,0.08,1.0,1.0,0.0,1.0,0.0,0.0,0.0,0.0,0.0,1.0,1.0,0.0,1.0,0.0,0.0,0.0,0.0,0.0
152,0,10.067,0.98,1,-87.9,-15.6,496.8,-0.040,-0.168,-0.080,1.29,1.43,0.46,0.15,0.00,0.00,0.00,0.00,0.00,0.00,0.63,0.00,2.00,0.00,0.00,0.00,0.19,1.0,1.0,0.0,1.0,0.0,0.0,0.0,0.0,0.0,0.0,1.0,0.0,1.0,1.0,0.0,0.0,0.0,0.0
153,0,10.133,0.98,1,-86.7,-15.8,509.2,-0.033,-0.160,-0.066,1.36,1.59,0.67,0.00,0.00,0.00,0.00,0.00,0.00,0.00,0.72,0.00,1.88,0.00,0.00,0.00,1.81,1.0,1.0,0.0,0.0,0.0,0.0,0.0,0.0,0.0,1.0,1.0,0.0,1.0,1.0,0.0,0.0,0.0,1.0
154,0,10.200,0.98,1,-85.6,-15.6,515.3,-0.026,-0.152,-0.053,1.28,1.34,0.69,0.00,0.00,0.83,0.11,0.00,0.00,0.00,0.64,0.00,1.65,0.00,0.00,0.00,1.91,1.0,1.0,0.0,0.0,0.0,0.0,0.0,0.0,0.0,1.0,1.0,0.0,1.0,1.0,0.0,0.0,0.0,1.0
155,0,10.267,0.98,1,-84.2,-15.0,514.7,-0.005,-0.146,-0.046,1.13,1.33,0.58,0.00,0.00,0.00,0.00,0.00,0.00,0.00,0.60,0.00,1.84,0.01,0.00,0.00,0.80,1.0,1.0,0.0,0.0,0.0,0.0,0.0,0.0,0.0,1.0,1.0,0.0,1.0,1.0,0.0,0.0,0.0,1.0
156,0,10.333,0.98,1,-83.8,-14.7,517.1,0.007,-0.148,-0.039,1.25,1.17,0.30,0.00,0.00,0.00,0.00,0.00,0.00,0.00,0.60,0.00,1.86,0.00,0.00,0.00,0.35,1.0,1.0,0.0,1.0,0.0,0.0,0.0,0.0,0.0,1.0,1.0,0.0,1.0,1.0,0.0,0.0,0.0,0.0
157,0,10.400,0.98,1,-83.8,-14.1,520.0,0.016,-0.147,-0.035,1.44,1.45,0.54,0.00,0.00,0.00,0.00,0.00,0.00,0.00,0.46,0.00,1.79,0.00,0.04,0.00,0.23,1.0,1.0,0.0,0.0,0.0,0.0,0.0,0.0,0.0,1.0,1.0,0.0,1.0,1.0,0.0,0.0,0.0,0.0
158,0,10.467,0.98,1,-83.9,-13.3,521.1,0.025,-0.146,-0.034,1.42,1.55,0.57,0.01,0.00,0.00,0.00,0.00,0.00,0.00,0.49,0.00,1.92,0.00,0.00,0.00,0.38,1.0,1.0,0.0,1.0,0.0,0.0,0.0,0.0,0.0,1.0,1.0,0.0,1.0,1.0,0.0,0.0,0.0,0.0
159,0,10.533,0.98,1,-83.9,-12.7,522.6,0.032,-0.146,-0.035,1.51,1.52,0.55,0.00,0.00,0.00,0.00,0.00,0.00,0.00,0.55,0.00,1.81,0.00,0.00,0.00,0.29,1.0,1.0,0.0,0.0,0.0,0.0,0.0,0.0,0.0,1.0,1.0,0.0,1.0,1.0,0.0,0.0,0.0,0.0
160,0,10.600,0.98,1,-83.6,-12.1,522.9,0.044,-0.141,-0.032,1.57,1.45,0.62,0.00,0.00,0.00,0.00,0.00,0.00,0.00,0.45,0.00,1.80,0.00,0.14,0.00,0.22,1.0,1.0,0.0,1.0,0.0,0.0,0.0,0.0,0.0,1.0,1.0,0.0,1.0,1.0,1.0,0.0,0.0,0.0
161,0,10.667,0.98,1,-83.5,-12.3,523.8,0.041,-0.138,-0.032,1.47,1.45,0.56,0.00,0.00,0.00,0.00,0.00,0.00,0.00,0.42,0.00,1.79,0.00,0.11,0.00,0.28,1.0,1.0,0.0,0.0,0.0,0.0,0.0,0.0,0.0,1.0,1.0,0.0,1.0,0.0,0.0,0.0,0.0,0.0
162,0,10.733,0.98,1,-83.0,-13.1,523.4,0.039,-0.137,-0.030,1.41,1.34,0.74,0.23,0.00,0.00,0.00,0.00,0.00,0.00,0.53,0.00,2.11,0.00,0.01,0.00,0.17,1.0,1.0,0.0,1.0,0.0,0.0,0.0,0.0,0.0,1.0,1.0,0.0,1.0,1.0,0.0,0.0,0.0,0.0
163,0,10.800,0.98,1,-82.2,-14.1,523.3,0.032,-0.137,-0.027,1.16,1.35,0.52,0.03,0.00,0.00,0.00,0.00,0.00,0.00,0.41,0.00,2.00,0.00,0.04,0.00,0.06,1.0,1.0,0.0,1.0,0.0,0.0,0.0,0.0,0.0,1.0,1.0,0.0,1.0,1.0,0.0,0.0,0.0,0.0
164,0,10.867,0.98,1,-80.6,-15.2,521.8,0.031,-0.136,-0.021,1.05,1.40,0.58,0.27,0.00,0.00,0.00,0.00,0.00,0.00,0.47,0.00,2.00,0.00,0.03,0.00,0.08,1.0,1.0,0.0,1.0,0.0,0.0,0.0,0.0,0.0,1.0,1.0,0.0,1.0,1.0,0.0,0.0,0.0,0.0
165,0,10.933,0.98,1,-79.1,-16.6,519.6,0.020,-0.134,-0.015,1.17,1.49,0.68,0.16,0.00,0.00,0.00,0.00,0.00,0.00,0.45,0.00,2.04,0.00,0.03,0.00,0.13,1.0,1.0,0.0,1.0,0.0,0.0,0.0,0.0,0.0,1.0,1.0,0.0,1.0,1.0,0.0,0.0,0.0,0.0
166,0,11.000,0.98,1,-77.7,-17.5,516.6,0.009,-0.136,-0.011,1.46,1.50,0.90,0.39,0.00,0.00,0.00,0.00,0.00,0.00,0.49,0.00,1.92,0.00,0.12,0.00,0.31,1.0,1.0,0.0,1.0,0.0,0.0,0.0,0.0,0.0,1.0,1.0,0.0,1.0,0.0,1.0,0.0,0.0,0.0
167,0,11.067,0.98,1,-75.8,-17.5,512.0,0.012,-0.143,-0.011,1.29,1.46,0.74,0.22,0.00,0.00,0.00,0.00,0.00,0.00,0.49,0.00,1.83,0.00,0.19,0.00,0.31,1.0,1.0,0.0,1.0,0.0,0.0,0.0,0.0,0.0,1.0,1.0,0.0,1.0,0.0,1.0,1.0,0.0,0.0
168,0,11.133,0.98,1,-73.8,-17.2,507.6,0.014,-0.142,-0.008,1.20,1.48,0.70,0.46,0.00,0.00,0.00,0.00,0.00,0.00,0.53,0.00,1.96,0.00,0.32,0.00,0.29,1.0,1.0,0.0,1.0,0.0,0.0,0.0,0.0,0.0,1.0,1.0,0.0,1.0,0.0,1.0,0.0,0.0,0.0
169,0,11.200,0.98,1,-71.5,-16.6,502.8,0.020,-0.142,-0.005,1.19,1.53,0.61,0.45,0.00,0.00,0.00,0.00,0.00,0.00,0.53,0.00,1.91,0.00,0.33,0.00,0.16,1.0,1.0,0.0,1.0,0.0,0.0,0.0,0.0,0.0,1.0,1.0,0.0,1.0,0.0,1.0,0.0,0.0,0.0
170,0,11.267,0.98,1,-69.3,-17.1,497.5,0.010,-0.137,-0.002,1.19,1.45,0.66,0.40,0.00,0.00,0.00,0.00,0.00,0.00,0.48,0.00,1.85,0.00,0.23,0.00,0.08,1.0,1.0,0.0,1.0,0.0,0.0,0.0,0.0,0.0,1.0,1.0,0.0,1.0,0.0,1.0,1.0,0.0,0.0
171,0,11.333,0.98,1,-67.0,-17.5,492.4,-0.003,-0.132,0.003,1.23,1.57,0.52,0.50,0.00,0.00,0.00,0.00,0.00,0.00,0.50,0.00,2.07,0.00,0.30,0.00,0.03,1.0,1.0,0.0,1.0,0.0,0.0,0.0,0.0,0.0,0.0,1.0,0.0,1.0,0.0,1.0,1.0,0.0,0.0
172,0,11.400,0.98,1,-64.3,-16.8,486.6,-0.008,-0.127,0.008,1.17,1.52,0.56,0.74,0.00,0.00,0.00,0.00,0.00,0.00,0.50,0.00,2.12,0.00,0.33,0.00,0.17,1.0,1.0,0.0,1.0,0.0,0.0,0.0,0.0,0.0,1.0,1.0,0.0,1.0,0.0,1.0,1.0,0.0,0.0
173,0,11.467,0.98,1,-61.7,-16.0,481.9,-0.014,-0.119,0.013,1.39,1.57,0.58,0.52,0.00,0.00,0.00,0.00,0.00,0.00,0.51,0.00,2.20,0.00,0.41,0.00,0.10,1.0,1.0,0.0,1.0,0.0,0.0,0.0,0.0,0.0,0.0,1.0,0.0,1.0,0.0,1.0,1.0,0.0,0.0
174,0,11.533,0.98,1,-59.3,-16.4,478.0,-0.032,-0.116,0.016,1.00,1.57,0.62,0.72,0.00,0.00,0.00,0.00,0.00,0.00,0.39,0.00,2.32,0.00,0.50,0.00,0.10,1.0,1.0,0.0,1.0,0.0,0.0,0.0,0.0,0.0,0.0,1.0,0.0,1.0,0.0,1.0,1.0,0.0,0.0
175,0,11.600,0.98,1,-57.0,-17.5,472.7,-0.061,-0.110,0.017,1.01,1.58,0.54,0.85,0.00,0.00,0.00,0.00,0.00,0.00,0.64,0.00,2.25,0.00,0.42,0.00,0.18,1.0,1.0,0.0,1.0,0.0,0.0,0.0,0.0,0.0,0.0,1.0,0.0,1.0,0.0,1.0,1.0,0.0,0.0
176,0,11.667,0.98,1,-55.1,-18.5,468.6,-0.090,-0.105,0.019,1.24,1.77,0.54,1.06,0.00,0.00,0.00,0.00,0.00,0.00,0.57,0.00,2.03,0.00,0.46,0.00,0.16,1.0,1.0,0.0,1.0,0.0,0.0,0.0,0.0,0.0,0.0,1.0,0.0,1.0,0.0,1.0,1.0,0.0,0.0
177,0,11.733,0.98,1,-53.3,-19.8,464.1,-0.125,-0.106,0.019,1.02,1.75,0.48,1.24,0.00,0.00,0.00,0.00,0.00,0.00,0.64,0.00,1.98,0.00,0.51,0.00,0.20,1.0,1.0,0.0,1.0,0.0,0.0,0.0,0.0,0.0,0.0,1.0,0.0,1.0,0.0,1.0,1.0,0.0,0.0
178,0,11.800,0.98,1,-51.9,-21.6,461.3,-0.157,-0.103,0.014,1.09,1.63,0.42,0.66,0.00,0.00,0.00,0.00,0.00,0.00,0.57,0.00,1.69,0.00,0.52,0.00,0.17,1.0,1.0,0.0,1.0,0.0,0.0,0.0,0.0,0.0,0.0,1.0,0.0,1.0,0.0,1.0,1.0,0.0,0.0
179,0,11.867,0.98,1,-50.4,-22.6,457.6,-0.190,-0.103,0.009,1.13,1.73,0.56,0.86,0.00,0.00,0.11,0.00,0.00,0.00,0.61,0.00,1.79,0.00,0.57,0.00,0.04,1.0,1.0,0.0,1.0,0.0,0.0,0.0,0.0,0.0,0.0,1.0,0.0,1.0,0.0,1.0,0.0,0.0,0.0
180,0,11.933,0.98,1,-48.7,-23.3,454.2,-0.209,-0.110,0.001,1.04,1.70,0.48,0.63,0.00,0.00,0.32,0.00,0.00,0.00,0.73,0.00,1.63,0.00,0.56,0.00,0.00,1.0,1.0,0.0,1.0,0.0,0.0,0.0,0.0,0.0,0.0,1.0,0.0,1.0,0.0,1.0,0.0,0.0,0.0
181,0,12.000,0.98,1,-46.7,-23.6,450.8,-0.221,-0.122,-0.011,0.89,1.39,0.28,0.75,0.00,0.00,0.53,0.00,0.00,0.00,0.79,0.00,1.21,0.00,0.46,0.00,0.00,1.0,1.0,0.0,1.0,0.0,0.0,0.0,0.0,0.0,0.0,1.0,0.0,1.0,0.0,1.0,0.0,0.0,0.0
182,0,12.067,0.98,1,-45.2,-23.6,446.9,-0.225,-0.133,-0.021,0.97,1.51,0.20,0.54,0.00,0.00,0.45,0.00,0.00,0.00,0.86,0.00,1.40,0.00,0.60,0.00,0.00,1.0,1.0,0.0,1.0,0.0,0.0,0.0,0.0,0.0,0.0,1.0,0.0,1.0,0.0,1.0,0.0,0.0,0.0
183,0,12.133,0.98,1,-44.2,-22.8,443.2,-0.230,-0.133,-0.025,1.00,1.58,0.23,1.06,0.00,0.00,0.50,0.00,0.00,0.00,0.98,0.00,1.26,0.00,0.68,0.00,0.00,1.0,1.0,0.0,1.0,0.0,0.0,0.0,0.0,0.0,0.0,1.0,0.0,1.0,0.0,1.0,0.0,0.0,0.0
184,0,12.200,0.98,1,-42.6,-20.9,442.4,-0.227,-0.151,-0.026,1.11,1.69,0.47,0.81,0.00,0.00,0.51,0.00,0.00,0.00,1.04,0.00,1.50,0.00,0.74,0.00,0.72,1.0,1.0,0.0,0.0,0.0,0.0,0.0,0.0,0.0,0.0,1.0,0.0,1.0,0.0,1.0,0.0,0.0,1.0
185,0,12.267,0.98,1,-39.6,-19.3,441.6,-0.233,-0.181,-0.025,0.94,1.67,0.00,0.50,0.00,0.00,0.66,0.00,0.00,0.00,1.15,0.00,1.39,0.00,1.00,0.00,1.20,1.0,1.0,0.0,0.0,0.0,0.0,0.0,0.0,0.0,0.0,1.0,0.0,1.0,0.0,1.0,0.0,0.0,1.0
186,0,12.333,0.98,1,-36.2,-15.1,432.5,-0.179,-0.204,-0.025,0.69,1.26,0.11,0.94,0.00,0.00,0.48,0.00,0.00,0.00,1.15,0.00,1.04,0.00,0.94,0.00,0.40,1.0,1.0,0.0,0.0,0.0,0.0,0.0,0.0,0.0,0.0,1.0,0.0,1.0,0.0,1.0,1.0,0.0,0.0
187,0,12.400,0.98,1,-34.4,-9.0,428.5,-0.117,-0.220,-0.022,0.83,1.29,0.21,0.91,0.00,0.00,0.11,0.00,0.00,0.00,0.98,0.00,0.85,0.00,0.67,0.00,0.18,1.0,1.0,0.0,0.0,0.0,0.0,0.0,0.0,0.0,0.0,1.0,0.0,1.0,0.0,1.0,0.0,0.0,0.0
188,0,12.467,0.98,1,-34.4,-1.6,424.3,-0.045,-0.224,-0.021,1.27,1.85,0.12,0.41,0.00,0.00,0.00,0.00,0.00,0.00,0.86,0.00,0.78,0.00,0.79,0.00,0.36,1.0,1.0,0.0,0.0,0.0,0.0,0.0,0.0,0.0,0.0,1.0,0.0,0.0,0.0,1.0,1.0,0.0,0.0
189,0,12.533,0.98,1,-35.6,6.0,422.1,0.008,-0.209,-0.015,1.46,1.86,0.07,0.55,0.00,0.00,0.00,0.00,0.00,0.00,0.86,0.00,0.78,0.00,0.87,0.01,0.30,1.0,1.0,0.0,1.0,0.0,0.0,0.0,0.0,0.0,1.0,1.0,0.0,1.0,0.0,1.0,1.0,0.0,0.0
190,0,12.600,0.98,1,-37.3,12.8,419.4,0.055,-0.194,-0.007,1.88,1.79,0.35,0.39,0.00,0.00,0.00,0.00,0.00,0.00,0.79,0.00,0.66,0.00,0.84,0.00,0.37,1.0,1.0,0.0,1.0,0.0,0.0,0.0,0.0,0.0,1.0,1.0,0.0,1.0,0.0,1.0,1.0,0.0,0.0
191,0,12.667,0.98,1,-39.0,18.5,416.3,0.080,-0.178,-0.001,1.71,1.59,0.25,0.29,0.00,0.00,0.00,0.00,0.00,0.00,0.63,0.00,1.05,0.00,0.80,0.21,0.05,1.0,1.0,0.0,1.0,0.0,0.0,0.0,0.0,0.0,1.0,1.0,0.0,1.0,0.0,1.0,1.0,0.0,0.0
192,0,12.733,0.98,1,-40.3,23.4,413.4,0.095,-0.164,0.002,2.00,1.51,0.28,0.77,0.00,0.00,0.00,0.00,0.00,0.00,0.53,0.00,1.13,0.00,0.71,0.00,0.00,1.0,1.0,0.0,1.0,0.0,0.0,0.0,0.0,0.0,1.0,1.0,0.0,1.0,0.0,1.0,1.0,0.0,0.0
193,0,12.800,0.98,1,-41.6,28.3,413.1,0.122,-0.149,0.003,1.72,1.50,0.44,0.75,0.00,0.00,0.00,0.00,0.00,0.00,0.58,0.00,1.32,0.00,0.64,0.28,0.01,1.0,1.0,0.0,1.0,0.0,0.0,0.0,0.0,0.0,1.0,1.0,0.0,1.0,0.0,1.0,1.0,0.0,0.0
194,0,12.867,0.98,1,-42.4,33.2,412.0,0.158,-0.138,0.004,1.59,1.23,0.37,0.23,0.00,0.00,0.00,0.00,0.00,0.00,0.83,0.00,1.34,0.00,0.55,0.45,0.08,1.0,1.0,0.0,1.0,0.0,0.0,0.0,0.0,0.0,1.0,1.0,0.0,1.0,0.0,1.0,1.0,0.0,0.0
195,0,12.933,0.98,1,-43.6,37.4,409.5,0.191,-0.130,0.008,1.23,0.92,0.18,0.50,0.00,0.00,0.00,0.00,0.00,0.00,0.62,0.00,1.44,0.00,0.50,0.40,0.28,1.0,1.0,0.0,1.0,0.0,0.0,0.0,0.0,0.0,1.0,1.0,0.0,1.0,0.0,1.0,1.0,0.0,0.0
196,0,13.000,0.98,1,-45.8,41.8,411.9,0.237,-0.109,0.015,1.37,0.72,0.20,0.03,0.00,0.00,0.00,0.00,0.00,0.00,0.47,0.00,0.96,0.00,0.40,0.49,0.45,1.0,1.0,0.0,1.0,0.0,0.0,0.0,0.0,0.0,1.0,1.0,0.0,1.0,0.0,1.0,1.0,0.0,0.0
197,0,13.067,0.98,1,-49.0,45.2,414.3,0.270,-0.085,0.015,1.33,0.82,0.41,0.45,0.00,0.07,0.00,0.00,0.00,0.00,0.53,0.00,1.15,0.00,0.38,0.56,1.05,1.0,1.0,0.0,1.0,0.0,0.0,0.0,0.0,0.0,1.0,1.0,0.0,1.0,0.0,1.0,1.0,0.0,1.0
198,0,13.133,0.98,1,-52.1,46.5,414.3,0.262,-0.047,0.006,1.07,0.64,0.41,0.36,0.00,0.22,0.00,0.00,0.00,0.00,0.49,0.00,0.91,0.00,0.26,0.02,1.14,1.0,1.0,0.0,1.0,0.0,0.0,0.0,0.0,0.0,1.0,1.0,0.0,1.0,0.0,1.0,1.0,0.0,1.0
199,0,13.200,0.98,1,-54.5,46.6,414.6,0.231,-0.026,-0.002,1.39,0.57,0.37,0.18,0.00,0.70,0.00,0.00,0.00,0.00,0.43,0.00,0.66,0.00,0.18,0.11,1.06,1.0,1.0,0.0,0.0,0.0,1.0,0.0,0.0,0.0,1.0,1.0,0.0,1.0,0.0,1.0,1.0,0.0,1.0
200,0,13.267,0.98,1,-56.0,45.9,413.8,0.216,-0.014,-0.006,1.50,0.49,0.36,0.05,0.00,0.00,0.00,0.00,0.00,0.00,0.32,0.00,0.75,0.00,0.01,0.00,1.01,1.0,1.0,0.0,0.0,0.0,0.0,0.0,0.0,0.0,1.0,1.0,0.0,1.0,1.0,0.0,0.0,0.0,1.0
201,0,13.333,0.98,1,-57.4,45.2,413.1,0.199,-0.001,-0.008,1.55,0.51,0.21,0.00,0.00,0.05,0.00,0.00,0.00,0.04,0.14,0.00,0.64,0.04,0.00,0.00,1.12,1.0,1.0,0.0,0.0,0.0,0.0,0.0,1.0,0.0,1.0,1.0,0.0,1.0,1.0,0.0,1.0,0.0,1.0
202,0,13.400,0.98,1,-58.9,44.2,413.4,0.193,0.016,-0.010,1.32,0.53,0.36,0.00,0.00,0.00,0.00,0.00,0.00,0.00,0.00,0.00,0.94,0.00,0.04,0.00,1.11,1.0,1.0,0.0,0.0,0.0,0.0,0.0,0.0,0.0,1.0,1.0,0.0,1.0,1.0,0.0,1.0,0.0,1.0
203,0,13.467,0.98,1,-60.7,42.4,413.1,0.157,0.031,-0.014,1.36,0.28,0.34,0.00,0.00,0.00,0.00,0.00,0.00,0.07,0.03,0.00,0.80,0.11,0.00,0.00,0.86,1.0,1.0,0.0,0.0,0.0,0.0,0.0,0.0,0.0,1.0,1.0,0.0,1.0,1.0,0.0,1.0,0.0,1.0
204,0,13.533,0.98,1,-63.6,39.1,410.4,0.145,0.044,0.021,1.58,0.61,0.16,0.00,0.00,0.00,0.00,0.00,0.00,0.00,0.00,0.00,1.01,0.00,0.17,0.00,0.38,1.0,1.0,0.0,0.0,0.0,0.0,0.0,0.0,0.0,1.0,1.0,0.0,1.0,0.0,0.0,1.0,0.0,0.0
205,0,13.600,0.98,1,-65.6,36.4,408.7,0.139,0.039,0.036,1.43,0.81,0.46,0.00,0.00,0.00,0.00,0.00,0.00,0.00,0.00,0.00,1.01,0.05,0.24,0.00,0.28,1.0,1.0,0.0,0.0,0.0,0.0,0.0,0.0,0.0,1.0,1.0,0.0,1.0,0.0,0.0,1.0,0.0,0.0
206,0,13.667,0.98,1,-66.8,34.3,407.5,0.121,0.043,0.037,1.51,0.88,0.39,0.30,0.00,0.00,0.00,0.00,0.00,0.00,0.00,0.00,0.82,0.00,0.33,0.00,0.28,1.0,1.0,0.0,0.0,0.0,0.0,0.0,0.0,0.0,1.0,1.0,0.0,1.0,0.0,0.0,1.0,0.0,0.0
207,0,13.733,0.98,1,-67.6,32.5,407.9,0.111,0.042,0.040,1.53,1.03,0.60,0.30,0.00,0.00,0.00,0.00,0.00,0.00,0.06,0.00,1.01,0.00,0.37,0.00,0.26,1.0,1.0,0.0,0.0,0.0,0.0,0.0,0.0,0.0,1.0,1.0,0.0,1.0,0.0,0.0,1.0,0.0,0.0
208,0,13.800,0.98,1,-67.7,30.8,407.7,0.094,0.042,0.040,1.50,0.95,0.59,0.45,0.00,0.00,0.00,0.00,0.00,0.00,0.12,0.00,1.00,0.00,0.30,0.00,0.12,1.0,1.0,0.0,0.0,0.0,0.0,0.0,0.0,0.0,1.0,1.0,0.0,1.0,0.0,0.0,1.0,0.0,0.0
209,0,13.867,0.98,1,-67.7,29.0,409.0,0.075,0.044,0.041,1.55,1.17,0.69,0.55,0.00,0.00,0.00,0.00,0.00,0.00,0.10,0.00,1.21,0.00,0.37,0.00,0.18,1.0,1.0,0.0,0.0,0.0,0.0,0.0,0.0,0.0,1.0,1.0,0.0,1.0,0.0,1.0,1.0,0.0,0.0
210,0,13.933,0.98,1,-67.5,27.0,409.6,0.062,0.040,0.043,1.35,1.19,0.57,0.35,0.00,0.00,0.00,0.00,0.00,0.00,0.02,0.00,1.37,0.00,0.53,0.00,0.09,1.0,1.0,0.0,0.0,0.0,0.0,0.0,0.0,0.0,0.0,1.0,0.0,1.0,0.0,1.0,1.0,0.0,0.0
211,0,14.000,0.98,1,-67.3,24.5,409.5,0.043,0.040,0.048,1.17,1.46,0.76,0.58,0.00,0.00,0.00,0.00,0.00,0.00,0.00,0.00,1.16,0.02,0.48,0.00,0.00,1.0,1.0,0.0,1.0,0.0,0.0,0.0,0.0,0.0,0.0,0.0,0.0,1.0,0.0,1.0,1.0,0.0,0.0
212,0,14.067,0.98,1,-65.9,22.5,410.8,0.013,0.006,0.037,1.27,1.51,0.71,0.42,0.00,0.23,0.00,0.00,0.00,0.00,0.00,0.00,1.43,0.16,0.42,0.00,0.00,1.0,1.0,0.0,1.0,0.0,0.0,0.0,0.0,0.0,0.0,1.0,0.0,1.0,1.0,1.0,1.0,0.0,0.0
213,0,14.133,0.98,1,-64.3,20.7,407.7,-0.030,0.039,0.009,1.22,1.32,0.80,0.39,0.00,0.00,0.00,0.00,0.00,0.00,0.00,0.00,1.52,0.00,0.26,0.00,0.09,1.0,1.0,0.0,1.0,0.0,0.0,0.0,0.0,0.0,0.0,1.0,0.0,1.0,1.0,1.0,1.0,0.0,0.0
214,0,14.200,0.98,1,-64.0,19.5,409.8,-0.048,0.025,0.028,1.18,1.33,0.54,0.56,0.00,0.00,0.00,0.00,0.00,0.00,0.00,0.00,1.51,0.00,0.26,0.00,0.09,1.0,1.0,0.0,1.0,0.0,0.0,0.0,0.0,0.0,0.0,1.0,0.0,1.0,0.0,1.0,1.0,0.0,0.0
215,0,14.267,0.98,1,-62.0,18.3,411.8,-0.063,-0.008,0.025,0.95,1.43,0.40,0.70,0.00,0.00,0.00,0.00,0.00,0.00,0.00,0.00,1.44,0.00,0.31,0.00,0.00,1.0,1.0,0.0,1.0,0.0,0.0,0.0,0.0,0.0,0.0,1.0,0.0,1.0,0.0,1.0,1.0,0.0,0.0
216,0,14.333,0.98,1,-59.2,17.3,408.8,-0.084,0.011,-0.004,1.10,1.39,0.77,0.76,0.00,0.27,0.00,0.00,0.00,0.00,0.00,0.00,2.11,0.00,0.19,0.01,0.12,1.0,1.0,0.0,1.0,0.0,0.0,0.0,0.0,0.0,0.0,1.0,0.0,1.0,1.0,1.0,1.0,0.0,0.0
217,0,14.400,0.98,1,-57.0,16.4,407.9,-0.098,0.007,-0.018,1.25,1.36,0.64,0.92,0.00,0.09,0.00,0.00,0.00,0.00,0.05,0.00,1.99,0.00,0.28,0.05,0.15,1.0,1.0,0.0,1.0,0.0,0.0,0.0,0.0,0.0,0.0,1.0,0.0,1.0,0.0,1.0,1.0,0.0,0.0
218,0,14.467,0.98,1,-55.2,15.7,407.5,-0.102,-0.002,-0.025,1.18,1.19,0.66,0.62,0.00,0.00,0.00,0.00,0.00,0.00,0.03,0.00,2.00,0.00,0.30,0.00,0.12,1.0,1.0,0.0,1.0,0.0,0.0,0.0,0.0,0.0,0.0,1.0,0.0,1.0,0.0,1.0,1.0,0.0,0.0
219,0,14.533,0.98,1,-53.6,15.4,406.6,-0.102,-0.011,-0.026,1.13,1.19,0.69,0.25,0.00,0.00,0.00,0.00,0.00,0.00,0.17,0.00,2.03,0.00,0.24,0.00,0.00,1.0,1.0,0.0,1.0,0.0,0.0,0.0,0.0,0.0,0.0,1.0,0.0,1.0,0.0,1.0,1.0,0.0,0.0
220,0,14.600,0.98,1,-52.2,15.4,406.3,-0.102,-0.017,-0.025,1.06,1.19,0.64,0.48,0.00,0.00,0.00,0.00,0.00,0.00,0.15,0.00,2.06,0.00,0.40,0.08,0.00,1.0,1.0,0.0,1.0,0.0,0.0,0.0,0.0,0.0,0.0,1.0,0.0,1.0,1.0,1.0,1.0,0.0,0.0
221,0,14.667,0.98,1,-50.8,15.5,406.4,-0.099,-0.025,-0.024,1.24,1.27,0.54,0.34,0.00,0.00,0.00,0.00,0.00,0.00,0.09,0.00,2.08,0.00,0.51,0.11,0.00,1.0,1.0,0.0,1.0,0.0,0.0,0.0,0.0,0.0,0.0,1.0,0.0,1.0,0.0,1.0,1.0,0.0,0.0
222,0,14.733,0.98,1,-49.5,15.7,406.6,-0.099,-0.038,-0.022,1.27,1.25,0.74,0.48,0.00,0.00,0.00,0.00,0.00,0.00,0.06,0.00,2.18,0.00,0.77,0.08,0.00,1.0,1.0,0.0,1.0,0.0,0.0,0.0,0.0,0.0,0.0,1.0,0.0,1.0,0.0,1.0,1.0,0.0,0.0
223,0,14.800,0.98,1,-48.3,15.9,406.2,-0.096,-0.048,-0.020,1.02,1.34,0.55,0.10,0.00,0.00,0.00,0.00,0.00,0.00,0.00,0.00,2.31,0.00,0.88,0.00,0.00,1.0,1.0,0.0,1.0,0.0,0.0,0.0,0.0,0.0,0.0,1.0,0.0,1.0,0.0,1.0,1.0,0.0,0.0
224,0,14.867,0.98,1,-47.5,16.3,407.2,-0.092,-0.053,-0.019,1.08,1.32,0.35,0.31,0.00,0.00,0.00,0.00,0.02,0.00,0.00,0.00,2.51,0.00,0.87,0.04,0.00,1.0,1.0,0.0,1.0,0.0,0.0,0.0,0.0,0.0,1.0,1.0,0.0,1.0,0.0,1.0,1.0,0.0,0.0
225,0,14.933,0.98,1,-46.7,16.7,407.3,-0.085,-0.061,-0.019,1.13,1.32,0.36,0.20,0.00,0.00,0.00,0.00,0.10,0.00,0.00,0.00,2.75,0.00,0.84,0.29,0.00,1.0,1.0,0.0,1.0,0.0,0.0,0.0,0.0,0.0,1.0,1.0,0.0,1.0,0.0,1.0,1.0,0.0,0.0
226,0,15.000,0.98,1,-46.5,17.3,408.9,-0.080,-0.066,-0.018,1.06,1.29,0.34,0.31,0.00,0.00,0.00,0.00,0.34,0.00,0.00,0.00,2.42,0.00,0.98,0.53,0.30,1.0,1.0,0.0,1.0,0.0,0.0,0.0,0.0,1.0,1.0,0.0,0.0,1.0,0.0,1.0,1.0,0.0,0.0
227,0,15.067,0.98,1,-46.3,17.5,409.3,-0.079,-0.071,-0.018,0.88,1.09,0.51,0.37,0.00,0.00,0.00,0.00,0.81,0.00,0.00,0.00,2.31,0.00,1.26,0.18,0.22,1.0,1.0,0.0,1.0,0.0,0.0,0.0,0.0,1.0,1.0,0.0,0.0,1.0,0.0,1.0,1.0,0.0,0.0
228,0,15.133,0.98,1,-46.3,17.3,411.2,-0.075,-0.071,-0.017,0.76,1.05,0.45,0.55,0.52,0.21,0.00,0.00,1.75,0.13,0.00,0.00,1.78,0.00,1.64,0.52,0.10,1.0,1.0,0.0,1.0,1.0,0.0,0.0,1.0,1.0,1.0,0.0,0.0,1.0,0.0,1.0,1.0,0.0,0.0
229,0,15.200,0.98,1,-46.3,17.0,412.8,-0.066,-0.069,-0.020,0.69,0.84,0.39,0.47,0.85,0.54,0.00,0.34,2.21,0.58,0.00,0.00,1.77,0.00,1.73,0.35,0.20,1.0,1.0,0.0,0.0,1.0,0.0,0.0,1.0,1.0,1.0,0.0,0.0,1.0,0.0,1.0,1.0,0.0,0.0
230,0,15.267,0.98,1,-46.1,16.6,412.6,-0.062,-0.068,-0.021,0.60,0.57,0.25,0.34,1.08,0.35,0.00,0.62,2.45,0.97,0.00,0.00,1.66,0.00,1.81,0.44,0.24,1.0,1.0,0.0,1.0,1.0,0.0,0.0,1.0,1.0,1.0,0.0,0.0,1.0,0.0,1.0,1.0,0.0,0.0
231,0,15.333,0.98,1,-46.0,16.2,412.2,-0.057,-0.070,-0.022,0.59,0.52,0.24,0.25,1.16,0.41,0.00,0.88,2.59,1.09,0.00,0.00,1.58,0.00,1.88,0.33,0.10,1.0,1.0,0.0,1.0,1.0,0.0,0.0,1.0,1.0,1.0,0.0,0.0,1.0,0.0,1.0,1.0,0.0,0.0
232,0,15.400,0.98,1,-45.8,16.0,411.6,-0.049,-0.068,-0.026,0.57,0.49,0.07,0.39,1.24,0.75,0.00,0.85,2.71,1.03,0.00,0.00,1.40,0.00,1.80,0.00,0.22,1.0,1.0,0.0,0.0,1.0,0.0,0.0,1.0,1.0,1.0,0.0,0.0,1.0,0.0,1.0,1.0,0.0,0.0
233,0,15.467,0.98,1,-45.9,15.9,412.1,-0.046,-0.067,-0.028,0.62,0.43,0.14,0.38,1.29,0.75,0.00,0.53,2.66,1.09,0.00,0.00,1.44,0.00,1.85,0.00,0.21,1.0,1.0,0.0,0.0,1.0,0.0,0.0,1.0,1.0,1.0,0.0,0.0,1.0,0.0,1.0,1.0,0.0,0.0
234,0,15.533,0.98,1,-45.9,15.8,412.8,-0.040,-0.068,-0.030,0.47,0.41,0.02,0.33,1.33,0.68,0.00,0.77,2.79,1.19,0.00,0.00,1.31,0.00,1.83,0.00,0.25,0.0,1.0,0.0,1.0,1.0,0.0,0.0,1.0,1.0,1.0,0.0,0.0,1.0,0.0,1.0,1.0,0.0,0.0
235,0,15.600,0.98,1,-46.0,15.7,413.4,-0.037,-0.067,-0.032,0.28,0.17,0.03,0.28,1.38,0.47,0.00,0.56,2.76,1.04,0.00,0.00,1.50,0.00,1.72,0.00,0.37,0.0,1.0,0.0,1.0,1.0,0.0,0.0,1.0,1.0,1.0,0.0,0.0,1.0,0.0,1.0,1.0,0.0,0.0
236,0,15.667,0.98,1,-46.2,15.5,413.9,-0.039,-0.068,-0.035,0.37,0.16,0.03,0.11,1.28,0.39,0.00,0.65,2.83,1.14,0.00,0.00,1.40,0.00,1.72,0.00,0.42,1.0,1.0,0.0,0.0,1.0,0.0,0.0,1.0,1.0,1.0,0.0,0.0,1.0,0.0,1.0,1.0,0.0,0.0
237,0,15.733,0.98,1,-46.3,15.3,413.4,-0.041,-0.070,-0.038,0.42,0.17,0.00,0.23,1.31,0.60,0.00,0.65,2.87,1.12,0.00,0.00,1.29,0.00,1.77,0.00,0.52,1.0,1.0,0.0,1.0,1.0,0.0,0.0,1.0,1.0,1.0,0.0,0.0,1.0,0.0,1.0,1.0,0.0,0.0
238,0,15.800,0.98,1,-46.4,15.3,413.6,-0.042,-0.067,-0.039,0.30,0.20,0.04,0.21,1.29,0.65,0.00,0.73,2.87,1.05,0.00,0.00,1.25,0.00,1.72,0.01,0.47,1.0,1.0,0.0,1.0,1.0,0.0,0.0,1.0,1.0,1.0,0.0,0.0,1.0,0.0,1.0,1.0,0.0,0.0
239,0,15.867,0.98,1,-46.5,15.3,413.5,-0.041,-0.067,-0.040,0.28,0.11,0.15,0.28,1.32,0.74,0.00,0.68,2.88,0.95,0.00,0.00,1.11,0.00,1.81,0.00,0.50,1.0,1.0,0.0,1.0,1.0,0.0,0.0,1.0,1.0,1.0,0.0,0.0,1.0,0.0,1.0,1.0,0.0,0.0
240,0,15.933,0.98,1,-46.4,15.4,413.1,-0.045,-0.066,-0.040,0.23,0.07,0.01,0.16,1.41,0.51,0.00,0.82,2.84,0.88,0.00,0.00,1.09,0.00,1.83,0.00,0.53,1.0,1.0,0.0,0.0,1.0,0.0,0.0,1.0,1.0,1.0,0.0,0.0,1.0,0.0,1.0,1.0,0.0,1.0
241,0,16.000,0.98,1,-45.5,15.3,413.1,-0.043,-0.066,-0.045,0.23,0.27,0.26,0.10,1.42,0.40,0.00,0.72,2.64,0.73,0.00,0.00,1.06,0.00,1.84,0.00,0.40,0.0,1.0,0.0,1.0,1.0,0.0,0.0,1.0,1.0,1.0,0.0,0.0,1.0,0.0,1.0,1.0,0.0,1.0
242,0,16.067,0.98,1,-44.0,15.2,412.8,-0.043,-0.064,-0.044,0.34,0.32,0.29,0.17,1.39,0.86,0.00,0.74,2.63,0.69,0.00,0.00,1.33,0.00,1.85,0.00,0.21,0.0,1.0,0.0,1.0,1.0,0.0,0.0,1.0,1.0,1.0,0.0,0.0,1.0,0.0,1.0,1.0,0.0,0.0
243,0,16.133,0.98,1,-41.6,15.0,412.5,-0.044,-0.062,-0.039,0.47,0.35,0.58,0.07,1.36,0.69,0.00,0.94,2.65,1.06,0.00,0.00,1.38,0.00,1.82,0.00,0.21,1.0,1.0,0.0,1.0,1.0,0.0,0.0,1.0,1.0,1.0,0.0,0.0,1.0,0.0,1.0,1.0,0.0,0.0
244,0,16.200,0.98,1,-38.9,15.0,412.8,-0.042,-0.066,-0.031,0.39,0.39,0.34,0.39,1.32,0.63,0.00,0.80,2.57,0.98,0.00,0.00,1.67,0.00,1.81,0.01,0.25,1.0,1.0,0.0,1.0,1.0,0.0,0.0,1.0,1.0,1.0,0.0,0.0,1.0,0.0,1.0,1.0,0.0,0.0
245,0,16.267,0.98,1,-36.7,15.0,414.2,-0.040,-0.072,-0.027,0.44,0.60,0.24,0.09,1.25,0.00,0.00,0.75,2.64,0.95,0.00,0.00,1.53,0.00,1.87,0.00,0.81,1.0,1.0,0.0,0.0,1.0,0.0,0.0,1.0,1.0,1.0,0.0,0.0,1.0,0.0,1.0,1.0,0.0,1.0
246,0,16.333,0.98,1,-35.4,14.6,414.6,-0.044,-0.072,-0.022,0.70,0.55,0.32,0.00,1.17,0.06,0.00,0.94,2.66,0.74,0.00,0.00,1.15,0.00,1.77,0.00,0.90,1.0,1.0,0.0,0.0,1.0,0.0,0.0,1.0,1.0,1.0,0.0,0.0,1.0,0.0,1.0,1.0,0.0,1.0
247,0,16.400,0.98,1,-34.9,14.2,414.6,-0.044,-0.066,-0.019,0.57,0.42,0.22,0.23,1.19,0.04,0.00,0.72,2.56,0.63,0.00,0.00,1.22,0.00,1.87,0.06,0.95,1.0,1.0,0.0,0.0,1.0,0.0,0.0,1.0,1.0,1.0,0.0,0.0,1.0,0.0,1.0,1.0,0.0,1.0
248,0,16.467,0.98,1,-35.0,14.3,414.5,-0.043,-0.064,-0.018,0.55,0.51,0.19,0.35,1.25,0.03,0.00,0.90,2.67,0.88,0.00,0.00,1.28,0.00,1.91,0.00,0.91,1.0,1.0,0.0,1.0,1.0,0.0,0.0,1.0,1.0,1.0,0.0,0.0,1.0,0.0,1.0,1.0,0.0,1.0
249,0,16.533,0.98,1,-35.6,14.7,413.3,-0.038,-0.066,-0.017,0.70,0.46,0.27,0.40,1.28,0.53,0.00,0.88,2.80,0.60,0.00,0.00,1.42,0.00,1.90,0.00,0.73,1.0,1.0,0.0,0.0,1.0,0.0,0.0,1.0,1.0,1.0,0.0,0.0,1.0,0.0,1.0,1.0,0.0,1.0
250,0,16.600,0.98,1,-37.2,15.3,412.6,-0.037,-0.067,-0.019,0.65,0.46,0.48,0.36,1.47,0.70,0.00,0.92,2.70,0.83,0.00,0.00,1.56,0.00,1.93,0.20,0.67,1.0,1.0,0.0,1.0,1.0,0.0,0.0,1.0,1.0,1.0,0.0,0.0,1.0,0.0,1.0,1.0,0.0,1.0
251,0,16.667,0.98,1,-39.2,16.3,417.5,-0.034,-0.066,-0.025,0.68,0.57,0.16,0.01,1.34,0.49,0.00,0.93,2.77,0.96,0.00,0.00,1.58,0.00,2.10,0.35,2.34,1.0,1.0,0.0,0.0,1.0,0.0,0.0,1.0,1.0,1.0,0.0,0.0,1.0,0.0,1.0,1.0,0.0,1.0
252,0,16.733,0.98,1,-39.6,16.2,413.2,-0.041,-0.068,-0.030,0.76,0.46,0.43,0.00,1.46,0.77,0.00,0.98,2.61,0.82,0.00,0.00,1.46,0.00,2.07,0.08,1.87,1.0,1.0,0.0,0.0,1.0,0.0,0.0,1.0,1.0,1.0,1.0,0.0,1.0,0.0,1.0,1.0,0.0,1.0
253,0,16.800,0.98,1,-40.2,16.5,410.7,-0.042,-0.072,-0.033,0.58,0.43,0.29,0.36,1.35,0.65,0.00,0.98,2.62,1.05,0.00,0.00,1.74,0.00,2.11,0.45,0.97,1.0,1.0,0.0,1.0,1.0,0.0,0.0,1.0,1.0,1.0,0.0,0.0,1.0,0.0,1.0,1.0,0.0,1.0
254,0,16.867,0.98,1,-41.0,17.0,409.1,-0.054,-0.068,-0.035,0.63,0.50,0.45,0.38,1.24,0.93,0.00,1.04,2.39,0.91,0.00,0.00,1.81,0.00,2.20,0.82,0.81,1.0,1.0,0.0,0.0,1.0,0.0,0.0,1.0,1.0,1.0,0.0,0.0,1.0,0.0,1.0,1.0,0.0,1.0
255,0,16.933,0.98,1,-41.7,17.3,407.9,-0.063,-0.071,-0.036,0.78,0.66,0.58,0.23,1.12,1.26,0.00,1.17,2.24,1.23,0.00,0.00,1.95,0.00,2.20,0.72,0.60,1.0,1.0,0.0,0.0,1.0,1.0,0.0,1.0,1.0,1.0,0.0,0.0,1.0,0.0,1.0,1.0,0.0,1.0
256,0,17.000,0.98,1,-41.9,17.6,405.3,-0.069,-0.077,-0.041,0.99,0.86,0.56,0.46,1.03,1.25,0.00,0.51,2.07,1.01,0.00,0.00,1.85,0.00,2.30,0.91,0.53,1.0,1.0,0.0,0.0,1.0,1.0,0.0,1.0,1.0,1.0,0.0,0.0,1.0,0.0,1.0,1.0,0.0,1.0
257,0,17.067,0.98,1,-41.9,17.7,404.0,-0.080,-0.077,-0.043,1.11,1.02,0.66,0.77,0.96,1.36,0.00,0.82,1.98,1.27,0.00,0.00,2.07,0.00,2.36,0.96,0.60,1.0,1.0,0.0,1.0,1.0,1.0,0.0,1.0,1.0,1.0,0.0,0.0,1.0,0.0,1.0,1.0,0.0,1.0
258,0,17.133,0.98,1,-42.0,18.0,403.2,-0.084,-0.077,-0.043,1.09,1.01,0.68,0.89,0.89,1.17,0.00,0.86,1.95,1.00,0.09,0.00,1.93,0.00,2.49,1.07,0.55,1.0,1.0,0.0,1.0,1.0,1.0,0.0,1.0,1.0,1.0,1.0,0.0,1.0,0.0,1.0,1.0,0.0,1.0
259,0,17.200,0.98,1,-42.4,18.0,402.1,-0.090,-0.081,-0.043,1.32,1.14,0.78,0.81,0.93,1.32,0.00,0.83,1.93,0.95,0.18,0.00,1.92,0.00,2.54,0.76,0.47,1.0,1.0,0.0,1.0,1.0,1.0,0.0,1.0,1.0,1.0,0.0,0.0,1.0,0.0,1.0,1.0,0.0,1.0
260,0,17.267,0.98,1,-43.1,17.9,401.8,-0.094,-0.083,-0.044,1.11,1.25,0.76,0.62,0.89,1.23,0.00,0.80,1.76,0.76,0.24,0.00,1.84,0.00,2.52,0.74,0.50,1.0,1.0,0.0,1.0,1.0,1.0,0.0,1.0,1.0,1.0,1.0,0.0,1.0,0.0,1.0,1.0,0.0,1.0
261,0,17.333,0.98,1,-43.7,17.7,401.5,-0.100,-0.082,-0.046,1.04,1.22,0.85,0.93,0.81,1.12,0.01,0.73,1.67,0.86,0.26,0.00,1.88,0.00,2.49,0.78,0.50,1.0,1.0,0.0,1.0,1.0,1.0,0.0,1.0,1.0,1.0,0.0,0.0,1.0,0.0,1.0,1.0,0.0,1.0
262,0,17.400,0.98,1,-44.2,17.5,401.3,-0.101,-0.084,-0.048,1.33,1.28,1.06,1.06,0.83,0.99,0.00,0.65,1.64,0.76,0.31,0.00,1.74,0.00,2.49,0.98,0.58,1.0,1.0,0.0,1.0,1.0,1.0,0.0,1.0,1.0,1.0,1.0,0.0,1.0,0.0,1.0,1.0,0.0,1.0
263,0,17.467,0.98,1,-44.6,17.4,402.5,-0.088,-0.084,-0.048,1.11,1.13,0.74,0.82,0.79,1.19,0.00,0.76,1.62,1.02,0.23,0.00,1.77,0.00,2.51,1.09,0.54,1.0,1.0,0.0,1.0,1.0,1.0,0.0,1.0,1.0,1.0,1.0,0.0,1.0,0.0,1.0,1.0,0.0,1.0
264,0,17.533,0.98,1,-44.9,17.0,404.2,-0.089,-0.082,-0.048,0.81,1.00,0.58,0.41,0.82,0.81,0.00,0.73,1.69,0.88,0.18,0.00,1.92,0.00,2.22,0.69,0.57,1.0,1.0,0.0,1.0,1.0,1.0,0.0,1.0,1.0,1.0,0.0,0.0,1.0,0.0,1.0,1.0,0.0,1.0
265,0,17.600,0.98,1,-44.9,16.9,405.3,-0.086,-0.088,-0.047,0.74,1.05,0.51,0.63,0.80,0.65,0.00,0.50,1.85,0.89,0.07,0.00,1.84,0.00,2.12,0.58,0.61,1.0,1.0,0.0,1.0,1.0,0.0,0.0,1.0,1.0,1.0,0.0,0.0,1.0,0.0,1.0,1.0,0.0,1.0
266,0,17.667,0.98,1,-45.1,16.7,406.4,-0.079,-0.090,-0.044,0.92,0.99,0.52,0.43,0.96,0.89,0.00,0.58,2.13,0.71,0.00,0.00,1.82,0.00,2.13,0.61,0.57,1.0,1.0,0.0,1.0,1.0,1.0,0.0,1.0,1.0,1.0,0.0,0.0,1.0,0.0,1.0,1.0,0.0,1.0
267,0,17.733,0.98,1,-45.3,16.9,407.9,-0.073,-0.091,-0.040,0.75,0.86,0.52,0.39,1.00,0.64,0.00,0.53,2.20,0.80,0.11,0.00,1.54,0.00,2.24,0.68,0.62,1.0,1.0,0.0,1.0,1.0,0.0,0.0,1.0,1.0,1.0,0.0,0.0,1.0,0.0,1.0,1.0,0.0,1.0
268,0,17.800,0.98,1,-45.2,16.9,407.6,-0.076,-0.091,-0.041,0.86,0.87,0.53,0.25,0.98,0.46,0.00,0.62,2.09,1.04,0.14,0.00,1.66,0.00,2.17,0.64,0.57,1.0,1.0,0.0,0.0,1.0,0.0,0.0,1.0,1.0,1.0,0.0,0.0,1.0,0.0,1.0,1.0,0.0,1.0
269,0,17.867,0.98,1,-45.4,17.2,407.6,-0.068,-0.092,-0.040,0.69,0.80,0.32,0.22,0.86,0.32,0.00,0.50,2.09,0.66,0.07,0.00,1.54,0.00,2.07,0.32,0.60,1.0,1.0,0.0,1.0,1.0,0.0,0.0,1.0,1.0,1.0,0.0,0.0,1.0,0.0,1.0,1.0,0.0,1.0
270,0,17.933,0.98,1,-45.9,17.6,408.9,-0.069,-0.095,-0.041,0.81,0.83,0.48,0.79,0.88,0.43,0.00,0.34,2.04,0.68,0.09,0.00,1.78,0.00,1.88,0.14,0.96,1.0,1.0,0.0,1.0,1.0,0.0,0.0,1.0,1.0,1.0,0.0,0.0,1.0,0.0,1.0,1.0,0.0,1.0
271,0,18.000,0.98,1,-46.1,18.0,408.8,-0.066,-0.092,-0.041,0.91,0.86,0.24,0.32,0.89,0.45,0.00,0.34,1.99,0.55,0.11,0.00,1.90,0.00,1.77,0.17,1.13,1.0,1.0,0.0,1.0,1.0,0.0,0.0,1.0,1.0,1.0,1.0,0.0,1.0,0.0,1.0,1.0,0.0,1.0
272,0,18.067,0.98,1,-46.1,18.3,407.7,-0.061,-0.096,-0.043,0.86,0.82,0.19,0.55,0.89,0.43,0.00,0.26,1.78,0.34,0.24,0.00,2.08,0.00,1.61,0.00,1.14,1.0,1.0,0.0,1.0,1.0,0.0,0.0,1.0,1.0,1.0,1.0,0.0,1.0,0.0,1.0,1.0,0.0,1.0
273,0,18.133,0.98,1,-46.3,18.4,407.4,-0.069,-0.096,-0.045,0.79,0.91,0.24,0.47,0.74,0.53,0.00,0.00,1.56,0.87,0.32,0.00,1.97,0.00,1.12,0.00,1.02,1.0,1.0,0.0,1.0,1.0,0.0,0.0,1.0,1.0,1.0,1.0,0.0,1.0,0.0,1.0,0.0,0.0,1.0
274,0,18.200,0.98,1,-47.0,18.7,407.1,-0.083,-0.089,-0.044,0.64,0.88,0.25,0.73,0.51,0.28,0.00,0.00,1.14,0.44,0.45,0.00,2.01,0.00,0.47,0.00,1.16,1.0,1.0,0.0,1.0,0.0,0.0,0.0,1.0,1.0,1.0,1.0,0.0,1.0,0.0,0.0,0.0,0.0,1.0
275,0,18.267,0.98,1,-47.5,18.8,407.4,-0.082,-0.090,-0.044,0.64,0.90,0.10,0.50,0.36,0.21,0.00,0.00,1.02,0.63,0.60,0.00,1.80,0.00,0.20,0.00,1.15,1.0,1.0,0.0,1.0,0.0,0.0,0.0,1.0,1.0,1.0,1.0,0.0,1.0,0.0,0.0,0.0,0.0,1.0
276,0,18.333,0.98,1,-48.0,19.1,408.2,-0.083,-0.086,-0.044,0.73,0.87,0.24,0.61,0.36,0.31,0.00,0.00,0.94,0.53,0.58,0.00,2.06,0.00,0.13,0.00,1.21,1.0,1.0,0.0,1.0,0.0,0.0,0.0,1.0,1.0,1.0,1.0,0.0,1.0,0.0,0.0,0.0,0.0,1.0
277,0,18.400,0.98,1,-48.1,19.3,408.1,-0.079,-0.092,-0.042,0.76,0.83,0.40,0.78,0.30,0.27,0.00,0.00,0.83,0.65,0.55,0.00,1.90,0.00,0.05,0.00,1.01,1.0,1.0,0.0,1.0,0.0,0.0,0.0,0.0,1.0,1.0,1.0,0.0,1.0,0.0,0.0,0.0,0.0,1.0
278,0,18.467,0.98,1,-48.4,19.7,408.1,-0.077,-0.094,-0.041,0.85,0.92,0.34,0.59,0.15,0.00,0.00,0.00,0.66,0.34,0.60,0.00,1.72,0.00,0.03,0.00,0.92,1.0,1.0,0.0,1.0,0.0,0.0,0.0,0.0,1.0,1.0,1.0,0.0,1.0,0.0,0.0,0.0,0.0,1.0
279,0,18.533,0.98,1,-48.4,20.1,407.6,-0.074,-0.091,-0.041,0.95,0.99,0.31,0.12,0.04,0.00,0.00,0.00,0.38,0.14,0.63,0.00,2.00,0.00,0.00,0.00,0.86,1.0,1.0,0.0,1.0,0.0,0.0,0.0,0.0,1.0,1.0,1.0,0.0,1.0,0.0,0.0,0.0,0.0,1.0
280,0,18.600,0.98,1,-48.4,20.2,406.6,-0.076,-0.090,-0.042,0.91,1.11,0.40,0.52,0.00,0.17,0.00,0.00,0.32,0.00,0.65,0.00,1.78,0.00,0.00,0.00,0.54,1.0,1.0,0.0,1.0,0.0,0.0,0.0,0.0,1.0,1.0,1.0,0.0,1.0,0.0,0.0,0.0,0.0,0.0
281,0,18.667,0.98,1,-48.1,20.3,406.2,-0.080,-0.088,-0.044,1.03,1.22,0.33,0.36,0.00,0.00,0.00,0.00,0.24,0.00,0.51,0.00,1.88,0.00,0.00,0.00,0.50,1.0,1.0,0.0,1.0,0.0,0.0,0.0,0.0,0.0,1.0,1.0,0.0,1.0,0.0,0.0,0.0,0.0,0.0
282,0,18.733,0.98,1,-48.0,20.8,408.6,-0.081,-0.092,-0.047,1.50,1.55,0.56,0.55,0.05,0.61,0.00,0.00,0.27,0.00,0.70,0.00,1.93,0.00,0.16,0.00,1.92,1.0,1.0,0.0,1.0,0.0,0.0,0.0,0.0,0.0,1.0,1.0,0.0,1.0,0.0,0.0,0.0,0.0,1.0
283,0,18.800,0.98,1,-48.0,21.3,409.8,-0.090,-0.091,-0.051,1.22,1.78,0.56,0.82,0.00,0.06,0.00,0.00,0.15,0.00,0.75,0.00,1.67,0.00,0.11,0.00,3.43,1.0,1.0,0.0,0.0,0.0,0.0,0.0,0.0,0.0,1.0,1.0,0.0,1.0,0.0,0.0,0.0,0.0,1.0
284,0,18.867,0.98,1,-47.7,20.7,408.2,-0.085,-0.086,-0.049,1.09,1.31,0.35,0.02,0.00,0.43,0.00,0.00,0.10,0.00,0.69,0.00,1.91,0.00,0.15,0.00,1.91,1.0,1.0,0.0,0.0,0.0,0.0,0.0,0.0,0.0,1.0,1.0,0.0,1.0,0.0,0.0,0.0,0.0,1.0
285,0,18.933,0.98,1,-47.4,20.5,406.0,-0.083,-0.086,-0.049,1.16,1.30,0.38,0.00,0.00,0.42,0.00,0.00,0.05,0.00,0.70,0.00,1.90,0.00,0.02,0.00,0.94,1.0,1.0,0.0,0.0,0.0,0.0,0.0,0.0,0.0,1.0,1.0,0.0,1.0,0.0,0.0,0.0,0.0,1.0
286,0,19.000,0.98,1,-47.4,20.4,405.9,-0.081,-0.085,-0.049,0.95,1.22,0.58,0.00,0.00,0.00,0.00,0.00,0.00,0.00,0.39,0.00,2.16,0.00,0.04,0.00,0.68,1.0,1.0,0.0,0.0,0.0,0.0,0.0,0.0,0.0,1.0,1.0,0.0,1.0,0.0,0.0,0.0,0.0,1.0
287,0,19.067,0.98,1,-47.2,20.2,405.8,-0.082,-0.085,-0.050,1.03,1.29,0.41,0.00,0.00,0.00,0.00,0.00,0.04,0.00,0.46,0.00,2.15,0.00,0.03,0.00,0.51,1.0,1.0,0.0,0.0,0.0,0.0,0.0,0.0,0.0,1.0,1.0,0.0,1.0,0.0,0.0,0.0,0.0,0.0
288,0,19.133,0.98,1,-47.1,19.9,405.7,-0.084,-0.086,-0.047,1.02,1.43,0.50,0.00,0.00,0.00,0.00,0.00,0.04,0.00,0.50,0.00,2.03,0.00,0.00,0.00,0.57,1.0,1.0,0.0,1.0,0.0,0.0,0.0,0.0,0.0,1.0,1.0,0.0,1.0,0.0,0.0,0.0,0.0,0.0
